1	тебе	ты	PRON	_	Case=Dat|Number=Sing|Person=2	2	iobj	_	@yad1986m-words#@yad1986m#5860.408#5860.672
2	двадцать	двадцать	NUM	_	Case=Nom	3	nummod:gov	_	@yad1986m-words#@yad1986m#5860.672#5860.936
3	четыре	четыре	NUM	_	Case=Nom	5	nummod:gov	_	@yad1986m-words#@yad1986m#5860.936#5861.2
4	?	?	PUNCT	_	_	3	punct	_	@yad1986m-words#@yad1986m#5861.2#5861.467
5	аа	а	NOUN	_	Animacy=Inan|Case=Nom|Gender=Fem|Number=Sing	10	nsubj	_	@yad1986m-words#@yad1986m#5862.005#5862.814
6	супер	супер	NOUN	_	Animacy=Anim|Case=Nom|Gender=Fem|Number=Sing	5	nmod	_	@yad1986m-words#@yad1986m#5864.196#5864.673
7	/	/	PUNCT	_	_	6	punct	_	@yad1986m-words#@yad1986m#5864.682#5865.08
8	самая	самый	ADJ	_	Case=Nom|Degree=Pos|Gender=Fem|Number=Sing	9	amod	_	@yad1986m-words#@yad1986m#5865.087#5865.34
9	самая	самый	ADJ	_	Case=Nom|Degree=Pos|Gender=Fem|Number=Sing	10	obj	_	@yad1986m-words#@yad1986m#5865.34#5865.593
10	вышла	выйти	VERB	_	Aspect=Perf|Gender=Fem|Mood=Ind|Number=Sing|Tense=Past|VerbForm=Fin|Voice=Act	0	root	_	@yad1986m-words#@yad1986m#5865.593#5865.846
11	когда	когда	SCONJ	_	_	13	mark	_	@yad1986m-words#@yad1986m#5865.846#5866.099
12	тебе	ты	PRON	_	Case=Dat|Number=Sing|Person=2	10	iobj	_	@yad1986m-words#@yad1986m#5866.099#5866.352
13	было	быть	VERB	_	Aspect=Imp|Gender=Neut|Mood=Ind|Number=Sing|Tense=Past|VerbForm=Fin|Voice=Act	10	advcl	_	@yad1986m-words#@yad1986m#5866.352#5866.605
14	девятнадцать	девятнадцать	NUM	_	Case=Nom	21	nummod:gov	_	@yad1986m-words#@yad1986m#5866.605#5866.858
15	?	?	PUNCT	_	_	14	punct	_	@yad1986m-words#@yad1986m#5866.858#5867.112
16	ну	ну	PART	_	_	17	parataxis	_	@yad1986m-words#@yad1986m#5869.26#5869.508
17	короче	короткий	ADV	_	Degree=Cmp	21	obl	_	@yad1986m-words#@yad1986m#5869.508#5869.756
18	пять	пять	NUM	_	Case=Acc	19	nummod:gov	_	@yad1986m-words#@yad1986m#5869.756#5870.004
19	лет	год	NOUN	_	Animacy=Inan|Case=Gen|Gender=Masc|Number=Plur	17	obl	_	@yad1986m-words#@yad1986m#5870.004#5870.255
20	ты	ты	PRON	_	Case=Nom|Number=Sing|Person=2	21	nsubj	_	@yad1986m-words#@yad1986m#5870.303#5870.809
21	ээ	ээ	NOUN	_	Animacy=Inan|Case=Nom|Gender=Neut|Number=Sing	10	nsubj	_	@yad1986m-words#@yad1986m#5870.818#5871.261
22	из	из	ADP	_	_	24	case	_	@yad1986m-words#@yad1986m#5871.261#5871.626
23	каждого	каждый	DET	_	Case=Gen|Gender=Masc|Number=Sing	24	det	_	@yad1986m-words#@yad1986m#5871.626#5871.991
24	утюга	утюг	NOUN	_	Animacy=Inan|Case=Gen|Gender=Masc|Number=Sing	27	obl	_	@yad1986m-words#@yad1986m#5871.991#5872.356
25	уже	уже	ADV	_	Degree=Pos	26	obl	_	@yad1986m-words#@yad1986m#5872.356#5872.723
26	ээ	ээ	NOUN	_	Animacy=Inan|Case=Nom|Gender=Neut|Number=Sing	27	nsubj	_	@yad1986m-words#@yad1986m#5872.728#5873.778
27	брынчишь	брынчать	VERB	_	Aspect=Imp|Mood=Ind|Number=Sing|Person=2|Tense=Pres|VerbForm=Fin|Voice=Act	21	parataxis	_	@yad1986m-words#@yad1986m#5873.779#5874.053
28	в	в	ADP	_	_	29	case	_	@yad1986m-words#@yad1986m#5874.053#5874.327
29	россии	россия	NOUN	_	Animacy=Inan|Case=Loc|Gender=Fem|Number=Sing	27	obl	_	@yad1986m-words#@yad1986m#5874.327#5874.603
30	/	/	PUNCT	_	_	32	punct	_	@yad1986m-words#@yad1986m#5874.603#5875.177
31	ты	ты	PRON	_	Case=Nom|Number=Sing|Person=2	32	nsubj	_	@yad1986m-words#@yad1986m#5875.179#5875.63
32	задавал	задавать	VERB	_	Aspect=Imp|Gender=Masc|Mood=Ind|Number=Sing|Tense=Past|VerbForm=Fin|Voice=Act	27	conj	_	@yad1986m-words#@yad1986m#5875.63#5875.859
33	себе	себя	PRON	_	Case=Dat	32	iobj	_	@yad1986m-words#@yad1986m#5875.859#5876.088
34	вопрос	вопрос	NOUN	_	Animacy=Inan|Case=Acc|Gender=Masc|Number=Sing	32	obj	_	@yad1986m-words#@yad1986m#5876.088#5876.317
35	что	что	PRON	_	Case=Acc	34	obl	_	@yad1986m-words#@yad1986m#5876.317#5876.546
36	ты	ты	PRON	_	Case=Nom|Number=Sing|Person=2	38	nsubj	_	@yad1986m-words#@yad1986m#5876.546#5876.775
37	будешь	быть	AUX	_	Aspect=Imp|Mood=Ind|Number=Sing|Person=2|Tense=Pres|VerbForm=Fin|Voice=Act	38	aux	_	@yad1986m-words#@yad1986m#5876.775#5877.004
38	делать	делать	VERB	_	Aspect=Imp|VerbForm=Inf|Voice=Act	46	ccomp	_	@yad1986m-words#@yad1986m#5877.004#5877.233
39	через	через	ADP	_	_	41	case	_	@yad1986m-words#@yad1986m#5877.233#5877.462
40	десять	десять	NUM	_	Case=Acc	41	nummod:gov	_	@yad1986m-words#@yad1986m#5877.462#5877.691
41	лет	год	NOUN	_	Animacy=Inan|Case=Gen|Gender=Masc|Number=Plur	38	obl	_	@yad1986m-words#@yad1986m#5877.691#5877.92
42	?	?	PUNCT	_	_	38	punct	_	@yad1986m-words#@yad1986m#5877.92#5878.153
43	что	что	PRON	_	Case=Acc	38	obj	_	@yad1986m-words#@yad1986m#5880.701#5880.838
44	ты	ты	PRON	_	Case=Nom|Number=Sing|Person=2	46	nsubj	_	@yad1986m-words#@yad1986m#5880.838#5880.975
45	будешь	быть	AUX	_	Aspect=Imp|Mood=Ind|Number=Sing|Person=2|Tense=Pres|VerbForm=Fin|Voice=Act	46	aux	_	@yad1986m-words#@yad1986m#5880.975#5881.112
46	делать	делать	VERB	_	Aspect=Imp|VerbForm=Inf|Voice=Act	32	xcomp	_	@yad1986m-words#@yad1986m#5881.112#5881.249
47	через	через	ADP	_	_	49	case	_	@yad1986m-words#@yad1986m#5881.249#5881.386
48	десять	десять	NUM	_	Case=Acc	49	nummod:gov	_	@yad1986m-words#@yad1986m#5881.386#5881.523
49	лет	год	NOUN	_	Animacy=Inan|Case=Gen|Gender=Masc|Number=Plur	46	obl	_	@yad1986m-words#@yad1986m#5881.523#5881.66
50	?	?	PUNCT	_	_	51	punct	_	@yad1986m-words#@yad1986m#5881.66#5881.799
51	продюсерских	продюсерский	ADJ	_	Case=Gen|Degree=Pos|Number=Plur	49	nmod	_	@yad1986m-words#@yad1986m#5895.941#5896.244
52	?	?	PUNCT	_	_	56	punct	_	@yad1986m-words#@yad1986m#5896.244#5896.548
53	то	то	PRON	_	Animacy=Inan|Case=Nom|Gender=Neut|Number=Sing	56	mark	_	@yad1986m-words#@yad1986m#5899.909#5900.171
54	есть	быть	VERB	_	Aspect=Imp|Mood=Ind|Number=Sing|Person=3|Tense=Pres|VerbForm=Fin|Voice=Act	53	fixed	_	@yad1986m-words#@yad1986m#5900.171#5900.433
55	ты	ты	PRON	_	Case=Nom|Number=Sing|Person=2	56	nsubj	_	@yad1986m-words#@yad1986m#5900.433#5900.695
56	работаешь	работать	VERB	_	Aspect=Imp|Mood=Ind|Number=Sing|Person=2|Tense=Pres|VerbForm=Fin|Voice=Act	51	parataxis	_	@yad1986m-words#@yad1986m#5900.695#5900.957
57	над	над	ADP	_	_	58	case	_	@yad1986m-words#@yad1986m#5900.957#5901.219
58	тем	то	PRON	_	Animacy=Inan|Case=Ins|Gender=Neut|Number=Sing	56	obl	_	@yad1986m-words#@yad1986m#5901.219#5901.481
59	чтобы	чтобы	SCONJ	_	Mood=Cnd	70	mark	_	@yad1986m-words#@yad1986m#5901.481#5901.743
60	дискотекаа	дискотека	NOUN	_	Animacy=Inan|Case=Nom|Gender=Fem|Number=Sing	70	nsubj	_	@yad1986m-words#@yad1986m#5901.743#5902.01
61	аа	ао	NOUN	_	Animacy=Inan|Case=Gen|Gender=Masc|Number=Sing	60	nmod	_	@yad1986m-words#@yad1986m#5902.01#5902.791
62	дветысячи	дветысяча	NOUN	_	Animacy=Inan|Case=Gen|Gender=Fem|Number=Sing	61	nmod	_	@yad1986m-words#@yad1986m#5902.792#5903.058
63	десятых	десятых	ADJ	_	Case=Gen|Degree=Pos|Number=Plur	62	obl	_	@yad1986m-words#@yad1986m#5903.058#5903.324
64	это	это	PRON	_	Animacy=Inan|Case=Nom|Gender=Neut|Number=Sing	70	nsubj	_	@yad1986m-words#@yad1986m#5903.324#5903.59
65	не	не	PART	_	_	70	advmod	_	@yad1986m-words#@yad1986m#5903.59#5903.856
66	была	быть	AUX	_	Aspect=Imp|Gender=Fem|Mood=Ind|Number=Sing|Tense=Past|VerbForm=Fin|Voice=Act	70	cop	_	@yad1986m-words#@yad1986m#5903.856#5904.122
67	не	не	PART	_	_	70	advmod	_	@yad1986m-words#@yad1986m#5904.122#5904.388
68	был	быть	AUX	_	Aspect=Imp|Gender=Masc|Mood=Ind|Number=Sing|Tense=Past|VerbForm=Fin|Voice=Act	70	cop	_	@yad1986m-words#@yad1986m#5904.388#5904.654
69	твоим	твой	DET	_	Case=Ins|Gender=Masc|Number=Sing	70	det	_	@yad1986m-words#@yad1986m#5904.654#5904.92
70	заработком	заработок	NOUN	_	Animacy=Inan|Case=Ins|Gender=Masc|Number=Sing	80	advcl	_	@yad1986m-words#@yad1986m#5904.92#5905.186
71	через	через	ADP	_	_	73	case	_	@yad1986m-words#@yad1986m#5905.186#5905.452
72	десять	десять	NUM	_	Case=Acc	73	nummod:gov	_	@yad1986m-words#@yad1986m#5905.452#5905.718
73	лет	год	NOUN	_	Animacy=Inan|Case=Gen|Gender=Masc|Number=Plur	80	obl	_	@yad1986m-words#@yad1986m#5905.718#5905.984
74	?	?	PUNCT	_	_	73	punct	_	@yad1986m-words#@yad1986m#5905.984#5906.253
75	сколько	сколько	NUM	_	_	82	advmod	_	@yad1986m-words#@yad1986m#5907.125#5907.39
76	с	с	ADP	_	_	78	case	_	@yad1986m-words#@yad1986m#5907.39#5907.655
77	этих	этот	DET	_	Case=Gen|Number=Plur	78	det	_	@yad1986m-words#@yad1986m#5907.655#5907.92
78	бизнесов	бизнес	NOUN	_	Animacy=Inan|Case=Gen|Gender=Masc|Number=Plur	75	obl	_	@yad1986m-words#@yad1986m#5907.92#5908.185
79	ты	ты	PRON	_	Case=Nom|Number=Sing|Person=2	80	nsubj	_	@yad1986m-words#@yad1986m#5908.185#5908.45
80	должен	должен	ADJ	_	Degree=Pos|Gender=Masc|Number=Sing|Variant=Short	56	obl	_	@yad1986m-words#@yad1986m#5908.45#5908.715
81	будешь	быть	AUX	_	Aspect=Imp|Mood=Ind|Number=Sing|Person=2|Tense=Pres|VerbForm=Fin|Voice=Act	82	aux	_	@yad1986m-words#@yad1986m#5908.715#5908.98
82	отдавать	отдавать	VERB	_	Aspect=Imp|VerbForm=Inf|Voice=Act	56	advcl	_	@yad1986m-words#@yad1986m#5908.98#5909.245
83	[нрзб]	[нрзб]	PUNCT	_	_	85	punct	_	@yad1986m-words#@yad1986m#5909.245#5909.51
84	?	?	PUNCT	_	_	85	punct	_	@yad1986m-words#@yad1986m#5909.51#5909.783
85	смотри	смотреть	VERB	_	Aspect=Imp|Mood=Imp|Number=Sing|Person=2|VerbForm=Fin|Voice=Act	82	parataxis	_	@yad1986m-words#@yad1986m#5982.173#5982.488
86	/	/	PUNCT	_	_	87	punct	_	@yad1986m-words#@yad1986m#5982.488#5982.654
87	генеральное	генеральный	ADJ	_	Case=Nom|Degree=Pos|Gender=Neut|Number=Sing	85	parataxis	_	@yad1986m-words#@yad1986m#5982.655#5983.176
88	/	/	PUNCT	_	_	87	punct	_	@yad1986m-words#@yad1986m#5983.176#5983.496
89	может	мочь	VERB	_	Aspect=Imp|Mood=Ind|Number=Sing|Person=3|Tense=Pres|VerbForm=Fin|Voice=Act	85	conj	_	@yad1986m-words#@yad1986m#5983.496#5983.678
90	это	этот	DET	_	Case=Acc|Gender=Neut|Number=Sing	91	det	_	@yad1986m-words#@yad1986m#5983.678#5983.86
91	мм	миллиметр	NOUN	_	Animacy=Inan|Case=Acc|Gender=Masc|Number=Sing	93	obj	_	@yad1986m-words#@yad1986m#5983.86#5984.459
92	я	я	PRON	_	Case=Nom|Number=Sing|Person=1	93	nsubj	_	@yad1986m-words#@yad1986m#5984.473#5984.635
93	махнул	махнуть	VERB	_	Aspect=Perf|Gender=Masc|Mood=Ind|Number=Sing|Tense=Past|VerbForm=Fin|Voice=Act	89	xcomp	_	@yad1986m-words#@yad1986m#5984.635#5984.797
94	несколько	несколько	NUM	_	Animacy=Inan|Case=Acc	95	nummod:gov	_	@yad1986m-words#@yad1986m#5984.797#5984.959
95	пиванов	пиван	NOUN	_	Animacy=Inan|Case=Gen|Gender=Masc|Number=Plur	93	obl	_	@yad1986m-words#@yad1986m#5984.959#5985.121
96	и	и	CCONJ	_	_	98	cc	_	@yad1986m-words#@yad1986m#5985.121#5985.283
97	мне	я	PRON	_	Case=Dat|Number=Sing|Person=1	98	iobj	_	@yad1986m-words#@yad1986m#5985.283#5985.445
98	кажется	казаться	VERB	_	Aspect=Imp|Mood=Ind|Number=Sing|Person=3|Tense=Pres|VerbForm=Fin|Voice=Mid	102	parataxis	_	@yad1986m-words#@yad1986m#5985.445#5985.607
99	это	этот	PRON	_	Animacy=Inan|Case=Nom|Gender=Neut|Number=Sing	102	nsubj:pass	_	@yad1986m-words#@yad1986m#5985.607#5985.769
100	ошибочным	ошибочный	ADJ	_	Case=Ins|Degree=Pos|Gender=Neut|Number=Sing	101	amod	_	@yad1986m-words#@yad1986m#5985.769#5985.931
101	мнением	мнение	NOUN	_	Animacy=Inan|Case=Ins|Gender=Neut|Number=Sing	102	obl	_	@yad1986m-words#@yad1986m#5985.931#5986.093
102	пацаны	пацан	VERB	_	Aspect=Perf|Number=Plur|Tense=Past|Variant=Short|VerbForm=Part|Voice=Pass	93	conj	_	@yad1986m-words#@yad1986m#5986.093#5986.255
103	это	это	PRON	_	Animacy=Inan|Case=Acc|Gender=Neut|Number=Sing	104	obj	_	@yad1986m-words#@yad1986m#5986.255#5986.417
104	подтвердят	подтвердить	VERB	_	Aspect=Perf|Mood=Ind|Number=Plur|Person=3|Tense=Fut|VerbForm=Fin|Voice=Act	102	csubj:pass	_	@yad1986m-words#@yad1986m#5986.417#5986.579
105	и	и	CCONJ	_	_	109	cc	_	@yad1986m-words#@yad1986m#5986.579#5986.741
106	все	весь	PRON	_	Animacy=Inan|Case=Nom|Gender=Neut|Number=Sing	109	nsubj	_	@yad1986m-words#@yad1986m#5986.741#5986.903
107	или	или	CCONJ	_	_	108	cc	_	@yad1986m-words#@yad1986m#5986.903#5987.065
108	опровергнутя	опровергнуть	VERB	_	Aspect=Imp|Tense=Pres|VerbForm=Conv|Voice=Act	106	conj	_	@yad1986m-words#@yad1986m#5987.065#5987.227
109	махнул	махнуть	VERB	_	Aspect=Perf|Gender=Masc|Mood=Ind|Number=Sing|Tense=Past|VerbForm=Fin|Voice=Act	104	conj	_	@yad1986m-words#@yad1986m#5987.227#5987.389
110	несколько	несколько	NUM	_	Animacy=Inan|Case=Acc	111	nummod:gov	_	@yad1986m-words#@yad1986m#5987.389#5987.551
111	пиванов	пиван	NOUN	_	Animacy=Inan|Case=Gen|Gender=Masc|Number=Plur	109	obl	_	@yad1986m-words#@yad1986m#5987.551#5987.713
112	и	и	CCONJ	_	_	120	cc	_	@yad1986m-words#@yad1986m#5987.713#5987.875
113	мне	я	PRON	_	Case=Dat|Number=Sing|Person=1	114	iobj	_	@yad1986m-words#@yad1986m#5987.875#5988.037
114	кажется	казаться	VERB	_	Aspect=Imp|Mood=Ind|Number=Sing|Person=3|Tense=Pres|VerbForm=Fin|Voice=Mid	120	parataxis	_	@yad1986m-words#@yad1986m#5988.037#5988.199
115	это	этот	PRON	_	Animacy=Inan|Case=Nom|Gender=Neut|Number=Sing	120	nsubj	_	@yad1986m-words#@yad1986m#5988.199#5988.361
116	ошибочным	ошибочный	ADJ	_	Case=Ins|Degree=Pos|Gender=Neut|Number=Sing	117	amod	_	@yad1986m-words#@yad1986m#5988.361#5988.523
117	мнением	мнение	NOUN	_	Animacy=Inan|Case=Ins|Gender=Neut|Number=Sing	118	obl	_	@yad1986m-words#@yad1986m#5988.523#5988.685
118	пацаны	пацан	VERB	_	Aspect=Perf|Number=Plur|Tense=Past|Variant=Short|VerbForm=Part|Voice=Pass	120	xcomp	_	@yad1986m-words#@yad1986m#5988.685#5988.847
119	это	это	PRON	_	Animacy=Inan|Case=Acc|Gender=Neut|Number=Sing	120	obj	_	@yad1986m-words#@yad1986m#5988.847#5989.009
120	подтвердят	подтвердить	VERB	_	Aspect=Perf|Mood=Ind|Number=Plur|Person=3|Tense=Fut|VerbForm=Fin|Voice=Act	104	conj	_	@yad1986m-words#@yad1986m#5989.009#5989.171
121	и	и	CCONJ	_	_	124	cc	_	@yad1986m-words#@yad1986m#5989.171#5989.333
122	все	все	PRON	_	Animacy=Inan|Case=Nom|Gender=Neut|Number=Sing	124	nsubj	_	@yad1986m-words#@yad1986m#5989.333#5989.495
123	или	или	CCONJ	_	_	124	cc	_	@yad1986m-words#@yad1986m#5989.495#5989.657
124	опровергнут	опровергнуть	VERB	_	Aspect=Perf|Mood=Ind|Number=Plur|Person=3|Tense=Fut|VerbForm=Fin|Voice=Act	120	conj	_	@yad1986m-words#@yad1986m#5989.657#5989.831
125	/	/	PUNCT	_	_	126	punct	_	@yad1986m-words#@yad1986m#5989.841#5990.252
126	смотри	смотреть	VERB	_	Aspect=Imp|Mood=Imp|Number=Sing|Person=2|VerbForm=Fin|Voice=Act	120	advcl	_	@yad1986m-words#@yad1986m#5990.262#5990.535
127	на	на	ADP	_	_	129	case	_	@yad1986m-words#@yad1986m#5990.535#5990.808
128	этом	этот	DET	_	Case=Loc|Gender=Neut|Number=Sing	129	det	_	@yad1986m-words#@yad1986m#5990.808#5991.081
129	интервью	интервью	NOUN	_	Animacy=Inan|Case=Loc|Gender=Neut|Number=Sing	126	obl	_	@yad1986m-words#@yad1986m#5991.081#5991.354
130	ты	ты	PRON	_	Case=Nom|Number=Sing|Person=2	131	nsubj	_	@yad1986m-words#@yad1986m#5991.354#5991.627
131	выглядишь	выглядеть	VERB	_	Aspect=Imp|Mood=Ind|Number=Sing|Person=2|Tense=Pres|VerbForm=Fin|Voice=Act	126	conj	_	@yad1986m-words#@yad1986m#5991.627#5991.904
132	аа	ао	NOUN	_	Animacy=Inan|Case=Gen|Gender=Masc|Number=Sing	131	obl	_	@yad1986m-words#@yad1986m#5991.92#5992.856
133	почти	почти	ADV	_	Degree=Pos	134	advmod	_	@yad1986m-words#@yad1986m#5992.856#5993.251
134	всегда	всегда	ADV	_	Degree=Pos	131	advmod	_	@yad1986m-words#@yad1986m#5993.251#5993.646
135	довольно	довольно	ADV	_	Degree=Pos	136	obl	_	@yad1986m-words#@yad1986m#5993.646#5994.041
136	простым	простой	ADJ	_	Case=Ins|Degree=Pos|Gender=Masc|Number=Sing	137	amod	_	@yad1986m-words#@yad1986m#5994.041#5994.436
137	пацаном	пацан	NOUN	_	Animacy=Anim|Case=Ins|Gender=Masc|Number=Sing	131	obl	_	@yad1986m-words#@yad1986m#5994.436#5994.835
138	/	/	PUNCT	_	_	142	punct	_	@yad1986m-words#@yad1986m#5994.85#5995.113
139	который	который	PRON	_	Case=Nom	142	nsubj:pass	_	@yad1986m-words#@yad1986m#5995.123#5995.428
140	на	на	ADP	_	_	141	case	_	@yad1986m-words#@yad1986m#5995.428#5995.733
141	пафос	пафос	NOUN	_	Animacy=Inan|Case=Acc|Gender=Masc|Number=Sing	142	obl	_	@yad1986m-words#@yad1986m#5995.733#5996.038
142	забивается	забивать	VERB	_	Aspect=Imp|Mood=Ind|Number=Sing|Person=3|Tense=Pres|VerbForm=Fin|Voice=Pass	137	acl:relcl	_	@yad1986m-words#@yad1986m#5996.038#5996.344
143	/	/	PUNCT	_	_	147	punct	_	@yad1986m-words#@yad1986m#5996.349#5996.985
144	но	но	CCONJ	_	_	147	cc	_	@yad1986m-words#@yad1986m#5996.985#5997.203
145	не	не	PART	_	_	146	advmod	_	@yad1986m-words#@yad1986m#5997.203#5997.421
146	очень	очень	ADV	_	Degree=Pos	147	advmod	_	@yad1986m-words#@yad1986m#5997.421#5997.639
147	часто	часто	ADV	_	Degree=Pos	161	advmod	_	@yad1986m-words#@yad1986m#5997.639#5997.857
148	/	/	PUNCT	_	_	147	punct	_	@yad1986m-words#@yad1986m#5997.857#5998.304
149	за	за	ADP	_	_	150	case	_	@yad1986m-words#@yad1986m#5998.309#5998.606
150	пределами	предел	NOUN	_	Animacy=Inan|Case=Ins|Gender=Masc|Number=Plur	161	obl	_	@yad1986m-words#@yad1986m#5998.606#5998.903
151	этого	этот	DET	_	Case=Gen|Gender=Neut|Number=Sing	152	det	_	@yad1986m-words#@yad1986m#5998.903#5999.2
152	интервью	интервью	NOUN	_	Animacy=Inan|Case=Gen|Gender=Neut|Number=Sing	150	nmod	_	@yad1986m-words#@yad1986m#5999.2#5999.497
153	у	у	ADP	_	_	154	case	_	@yad1986m-words#@yad1986m#5999.497#5999.794
154	тебя	ты	PRON	_	Case=Gen|Number=Sing|Person=2	161	obl	_	@yad1986m-words#@yad1986m#5999.794#6000.091
155	совершенно	совершенно	ADV	_	Degree=Pos	156	obl	_	@yad1986m-words#@yad1986m#6000.091#6000.388
156	другой	другой	ADJ	_	Case=Nom|Degree=Pos|Gender=Masc|Number=Sing	157	amod	_	@yad1986m-words#@yad1986m#6000.388#6000.685
157	образ	образ	NOUN	_	Animacy=Inan|Case=Nom|Gender=Masc|Number=Sing	161	parataxis	_	@yad1986m-words#@yad1986m#6000.685#6000.987
158	/	/	PUNCT	_	_	157	punct	_	@yad1986m-words#@yad1986m#6000.993#6001.974
159	у	у	ADP	_	_	160	case	_	@yad1986m-words#@yad1986m#6001.98#6002.229
160	меня	я	PRON	_	Case=Gen|Number=Sing|Person=1	161	obl	_	@yad1986m-words#@yad1986m#6002.229#6002.478
161	есть	быть	VERB	_	Aspect=Imp|Mood=Ind|Number=Plur|Person=3|Tense=Pres|VerbForm=Fin|Voice=Act	142	conj	_	@yad1986m-words#@yad1986m#6002.478#6002.727
162	знакомые	знакомый	ADJ	_	Case=Nom|Degree=Pos|Number=Plur	163	amod	_	@yad1986m-words#@yad1986m#6002.727#6002.976
163	которые	который	PRON	_	Case=Acc	164	obj	_	@yad1986m-words#@yad1986m#6002.976#6003.225
164	снимали	снимать	VERB	_	Aspect=Imp|Mood=Ind|Number=Plur|Tense=Past|VerbForm=Fin|Voice=Act	161	conj	_	@yad1986m-words#@yad1986m#6003.225#6003.474
165	холостяк	холостяк	NOUN	_	Animacy=Inan|Case=Acc|Gender=Masc|Number=Sing	171	obj	_	@yad1986m-words#@yad1986m#6003.474#6003.724
166	/	/	PUNCT	_	_	167	punct	_	@yad1986m-words#@yad1986m#6003.729#6004.145
167	ии	ия	NOUN	_	Animacy=Inan|Case=Nom|Gender=Fem|Number=Plur	171	nsubj	_	@yad1986m-words#@yad1986m#6004.146#6004.608
168	некоторые	некоторый	DET	_	Case=Nom|Number=Plur	167	det	_	@yad1986m-words#@yad1986m#6004.617#6004.931
169	из	из	ADP	_	_	170	case	_	@yad1986m-words#@yad1986m#6004.931#6005.245
170	них	они	PRON	_	Case=Gen|Number=Plur|Person=3	167	nmod	_	@yad1986m-words#@yad1986m#6005.245#6005.559
171	говорили	говорить	VERB	_	Aspect=Imp|Mood=Ind|Number=Plur|Tense=Past|VerbForm=Fin|Voice=Act	164	parataxis	_	@yad1986m-words#@yad1986m#6005.559#6005.873
172	что	что	SCONJ	_	_	174	mark	_	@yad1986m-words#@yad1986m#6005.873#6006.187
173	крид	крид	NOUN	_	Animacy=Anim|Case=Nom|Gender=Masc|Number=Sing	174	nsubj	_	@yad1986m-words#@yad1986m#6006.187#6006.501
174	вел	вести	VERB	_	Aspect=Imp|Gender=Masc|Mood=Ind|Number=Sing|Tense=Past|VerbForm=Fin|Voice=Act	182	advcl	_	@yad1986m-words#@yad1986m#6006.501#6006.815
175	себя	себя	PRON	_	Case=Acc	174	obj	_	@yad1986m-words#@yad1986m#6006.815#6007.129
176	как	как	SCONJ	_	_	177	mark	_	@yad1986m-words#@yad1986m#6007.129#6007.443
177	животное	животное	NOUN	_	Animacy=Anim|Case=Acc|Gender=Neut|Number=Sing	174	obl	_	@yad1986m-words#@yad1986m#6007.443#6007.766
178	/	/	PUNCT	_	_	182	punct	_	@yad1986m-words#@yad1986m#6007.773#6008.162
179	кстати	кстати	ADV	_	Degree=Pos	182	parataxis	_	@yad1986m-words#@yad1986m#6008.162#6008.284
180	что	что	SCONJ	_	_	182	mark	_	@yad1986m-words#@yad1986m#6008.284#6008.406
181	они	они	PRON	_	Case=Nom|Number=Plur|Person=3	182	nsubj	_	@yad1986m-words#@yad1986m#6008.406#6008.528
182	имели	иметь	VERB	_	Aspect=Imp|Mood=Ind|Number=Plur|Tense=Past|VerbForm=Fin|Voice=Act	171	ccomp	_	@yad1986m-words#@yad1986m#6008.528#6008.65
183	в	в	ADP	_	_	182	advmod	_	@yad1986m-words#@yad1986m#6008.65#6008.772
184	виду	вид	NOUN	_	Animacy=Inan|Case=Loc|Gender=Masc|Number=Sing	183	fixed	_	@yad1986m-words#@yad1986m#6008.772#6008.894
185	?	?	PUNCT	_	_	182	punct	_	@yad1986m-words#@yad1986m#6008.894#6009.022
186	/	/	PUNCT	_	_	188	punct	_	@yad1986m-words#@yad1986m#6009.035#6011.113
187	они	они	PRON	_	Case=Nom|Number=Plur|Person=3	188	nsubj	_	@yad1986m-words#@yad1986m#6011.115#6011.413
188	имели	иметь	VERB	_	Aspect=Imp|Mood=Ind|Number=Plur|Tense=Past|VerbForm=Fin|Voice=Act	194	parataxis	_	@yad1986m-words#@yad1986m#6011.413#6011.711
189	в	в	ADP	_	_	188	advmod	_	@yad1986m-words#@yad1986m#6011.711#6012.009
190	виду	вид	NOUN	_	Animacy=Inan|Case=Loc|Gender=Masc|Number=Sing	189	fixed	_	@yad1986m-words#@yad1986m#6012.009#6012.307
191	надменность	надменность	NOUN	_	Animacy=Inan|Case=Nom|Gender=Fem|Number=Sing	194	nsubj	_	@yad1986m-words#@yad1986m#6012.307#6012.605
192	грубость	грубость	NOUN	_	Animacy=Inan|Case=Nom|Gender=Fem|Number=Sing	191	appos	_	@yad1986m-words#@yad1986m#6012.605#6012.904
193	нн	нна	NOUN	_	Animacy=Inan|Case=Gen|Gender=Fem|Number=Plur	192	nmod	_	@yad1986m-words#@yad1986m#6016.528#6017.27
194	нет	нет	VERB	_	Aspect=Imp|Mood=Ind|Number=Sing|Person=3|Tense=Pres|VerbForm=Fin|Voice=Act	182	conj	_	@yad1986m-words#@yad1986m#6017.276#6017.458
195	они	они	PRON	_	Case=Nom|Number=Plur|Person=3	196	nsubj	_	@yad1986m-words#@yad1986m#6017.458#6017.64
196	имели	иметь	VERB	_	Aspect=Imp|Mood=Ind|Number=Plur|Tense=Past|VerbForm=Fin|Voice=Act	194	conj	_	@yad1986m-words#@yad1986m#6017.64#6017.822
197	в	в	ADP	_	_	196	advmod	_	@yad1986m-words#@yad1986m#6017.822#6018.004
198	виду	вид	NOUN	_	Animacy=Inan|Case=Loc|Gender=Masc|Number=Sing	197	fixed	_	@yad1986m-words#@yad1986m#6018.004#6018.186
199	ты	ты	PRON	_	Case=Nom|Number=Sing|Person=2	201	nsubj	_	@yad1986m-words#@yad1986m#6022.588#6022.786
200	же	же	PART	_	_	199	advmod	_	@yad1986m-words#@yad1986m#6022.786#6022.984
201	вел	вести	VERB	_	Aspect=Imp|Gender=Masc|Mood=Ind|Number=Sing|Tense=Past|VerbForm=Fin|Voice=Act	196	xcomp	_	@yad1986m-words#@yad1986m#6022.984#6023.182
202	себя	себя	PRON	_	Case=Acc	201	obj	_	@yad1986m-words#@yad1986m#6023.182#6023.38
203	там	там	ADV	_	Degree=Pos	206	advmod	_	@yad1986m-words#@yad1986m#6023.38#6023.578
204	грубо	грубо	ADV	_	Degree=Pos	206	advmod	_	@yad1986m-words#@yad1986m#6023.578#6023.776
205	иногда	иногда	ADV	_	Degree=Pos	206	advmod	_	@yad1986m-words#@yad1986m#6023.776#6023.98
206	давай	давать	VERB	_	Aspect=Imp|Mood=Imp|Number=Sing|Person=2|VerbForm=Fin|Voice=Act	201	advmod	_	@yad1986m-words#@yad1986m#6116.584#6116.872
207	приведем	привести	VERB	_	Aspect=Perf|Mood=Ind|Number=Plur|Person=1|Tense=Fut|VerbForm=Fin|Voice=Act	206	xcomp	_	@yad1986m-words#@yad1986m#6116.872#6117.16
208	один	один	NUM	_	Animacy=Inan|Case=Acc|Gender=Masc	209	nummod:gov	_	@yad1986m-words#@yad1986m#6117.16#6117.448
209	пример	пример	NOUN	_	Animacy=Inan|Case=Acc|Gender=Masc|Number=Sing	221	obj	_	@yad1986m-words#@yad1986m#6117.448#6117.738
210	/	/	PUNCT	_	_	221	punct	_	@yad1986m-words#@yad1986m#6117.739#6118.121
211	вот	вот	PART	_	_	221	advmod	_	@yad1986m-words#@yad1986m#6118.121#6118.316
212	историю	история	NOUN	_	Animacy=Inan|Case=Acc|Gender=Fem|Number=Sing	223	obj	_	@yad1986m-words#@yad1986m#6118.316#6118.511
213	когда	когда	SCONJ	_	_	215	mark	_	@yad1986m-words#@yad1986m#6118.511#6118.706
214	ты	ты	PRON	_	Case=Nom|Number=Sing|Person=2	215	nsubj	_	@yad1986m-words#@yad1986m#6118.706#6118.901
215	вел	вести	VERB	_	Aspect=Imp|Gender=Masc|Mood=Ind|Number=Sing|Tense=Past|VerbForm=Fin|Voice=Act	221	advcl	_	@yad1986m-words#@yad1986m#6118.901#6119.096
216	себя	себя	PRON	_	Case=Acc	215	obj	_	@yad1986m-words#@yad1986m#6119.096#6119.291
217	прям	пре	NOUN	_	Animacy=Anim|Case=Dat|Gender=Masc|Number=Plur	215	iobj	_	@yad1986m-words#@yad1986m#6119.291#6119.486
218	мерзко	мерзко	ADV	_	Degree=Pos	215	advmod	_	@yad1986m-words#@yad1986m#6119.486#6119.683
219	/	/	PUNCT	_	_	215	punct	_	@yad1986m-words#@yad1986m#6119.683#6119.914
220	ты	ты	PRON	_	Case=Nom|Number=Sing|Person=2	221	nsubj	_	@yad1986m-words#@yad1986m#6119.918#6120.11
221	можешь	мочь	VERB	_	Aspect=Imp|Mood=Ind|Number=Sing|Person=2|Tense=Pres|VerbForm=Fin|Voice=Act	207	xcomp	_	@yad1986m-words#@yad1986m#6120.11#6120.302
222	ее	она	PRON	_	Case=Acc|Gender=Fem|Number=Sing|Person=3	223	obj	_	@yad1986m-words#@yad1986m#6120.302#6120.494
223	вспомнить	вспомянуть	VERB	_	Aspect=Perf|VerbForm=Inf|Voice=Act	221	xcomp	_	@yad1986m-words#@yad1986m#6120.494#6120.686
224	и	и	CCONJ	_	_	225	cc	_	@yad1986m-words#@yad1986m#6120.686#6120.878
225	рассказать	рассказать	VERB	_	Aspect=Perf|VerbForm=Inf|Voice=Act	223	conj	_	@yad1986m-words#@yad1986m#6120.878#6121.07
226	о	о	ADP	_	_	227	case	_	@yad1986m-words#@yad1986m#6121.07#6121.262
227	ней	она	PRON	_	Case=Loc|Gender=Fem|Number=Sing|Person=3	225	obl	_	@yad1986m-words#@yad1986m#6121.262#6121.461
228	да	да	PART	_	_	229	advmod	_	@yad1986m-words#@yad1986m#6121.989#6122.305
229	так	так	ADV	_	Degree=Pos	225	advmod	_	@yad1986m-words#@yad1986m#6154.697#6154.949
230	вот	вот	PART	_	_	229	advmod	_	@yad1986m-words#@yad1986m#6154.949#6155.202
231	/	/	PUNCT	_	_	234	punct	_	@yad1986m-words#@yad1986m#6155.202#6155.73
232	в	в	ADP	_	_	234	case	_	@yad1986m-words#@yad1986m#6155.73#6156.067
233	этом	этот	DET	_	Case=Loc|Gender=Neut|Number=Sing	234	det	_	@yad1986m-words#@yad1986m#6156.067#6156.404
234	интервью	интервью	NOUN	_	Animacy=Inan|Case=Loc|Gender=Neut|Number=Sing	225	obl	_	@yad1986m-words#@yad1986m#6156.404#6156.741
235	/	/	PUNCT	_	_	239	punct	_	@yad1986m-words#@yad1986m#6156.741#6157.078
236	ты	ты	PRON	_	Case=Nom|Number=Sing|Person=2	239	nsubj	_	@yad1986m-words#@yad1986m#6157.078#6157.415
237	предельно	предельно	ADV	_	Degree=Pos	238	obl	_	@yad1986m-words#@yad1986m#6157.415#6157.752
238	адекватный	адекватный	ADJ	_	Case=Nom|Degree=Pos|Gender=Masc|Number=Sing	239	amod	_	@yad1986m-words#@yad1986m#6157.752#6158.089
239	человек	человек	NOUN	_	Animacy=Anim|Case=Nom|Gender=Masc|Number=Sing	225	obl	_	@yad1986m-words#@yad1986m#6158.089#6158.432
240	/	/	PUNCT	_	_	243	punct	_	@yad1986m-words#@yad1986m#6158.432#6158.684
241	ты	ты	PRON	_	Case=Nom|Number=Sing|Person=2	243	nsubj	_	@yad1986m-words#@yad1986m#6158.684#6159.139
242	даже	даже	PART	_	_	243	advmod	_	@yad1986m-words#@yad1986m#6159.139#6159.594
243	вообщем	вообть	VERB	_	Aspect=Imp|Case=Loc|Gender=Masc|Number=Sing|Tense=Pres|VerbForm=Part|Voice=Act	239	acl	_	@yad1986m-words#@yad1986m#6159.594#6160.049
244	развентил	развентить	VERB	_	Aspect=Perf|Gender=Masc|Mood=Ind|Number=Sing|Tense=Past|VerbForm=Fin|Voice=Act	243	xcomp	_	@yad1986m-words#@yad1986m#6160.049#6160.504
245	поперечного	поперечный	ADJ	_	Animacy=Anim|Case=Acc|Degree=Pos|Gender=Masc|Number=Sing	244	obj	_	@yad1986m-words#@yad1986m#6160.504#6160.96
246	/	/	PUNCT	_	_	249	punct	_	@yad1986m-words#@yad1986m#6160.96#6161.165
247	и	и	CCONJ	_	_	249	cc	_	@yad1986m-words#@yad1986m#6161.165#6161.538
248	вы	вы	PRON	_	Case=Nom|Number=Plur|Person=2	249	nsubj	_	@yad1986m-words#@yad1986m#6161.538#6161.911
249	договорились	договориться	VERB	_	Aspect=Perf|Mood=Ind|Number=Plur|Tense=Past|VerbForm=Fin|Voice=Mid	244	conj	_	@yad1986m-words#@yad1986m#6161.911#6162.284
250	выжрать	выжрать	VERB	_	Aspect=Perf|VerbForm=Inf|Voice=Act	522	xcomp	_	@yad1986m-words#@yad1986m#6162.284#6162.657
251	пиво	пиво	NOUN	_	Animacy=Inan|Case=Acc|Gender=Neut|Number=Sing	250	obj	_	@yad1986m-words#@yad1986m#6162.657#6163.03
252	без	без	ADP	_	_	254	case	_	@yad1986m-words#@yad1986m#6163.03#6163.403
253	всяких	всякий	DET	_	Case=Gen|Number=Plur	254	det	_	@yad1986m-words#@yad1986m#6163.403#6163.776
254	претензий	претензия	NOUN	_	Animacy=Inan|Case=Gen|Gender=Fem|Number=Plur	522	obl	_	@yad1986m-words#@yad1986m#6163.776#6164.154
255	да	да	PART	_	_	522	advmod	_	@enb1994m-words#@enb1994m#5861.533#5861.92
256	через	через	ADP	_	_	257	case	_	@enb1994m-words#@enb1994m#5862.628#5863.002
257	месяц	месяц	NOUN	_	Animacy=Inan|Case=Acc|Gender=Masc|Number=Sing	259	obl	_	@enb1994m-words#@enb1994m#5863.002#5863.376
258	двадцать	двадцать	NUM	_	Case=Acc	257	nummod:gov	_	@enb1994m-words#@enb1994m#5863.376#5863.75
259	пять	пять	NUM	_	Case=Acc	260	nummod:gov	_	@enb1994m-words#@enb1994m#5863.75#5864.125
260	мм	мм	NOUN	_	Animacy=Inan|Case=Gen|Gender=Masc|Number=Plur	522	nsubj	_	@enb1994m-words#@enb1994m#5867.695#5868.318
261	примерно	примерно	ADV	_	Degree=Pos	262	advmod	_	@enb1994m-words#@enb1994m#5868.371#5868.785
262	да	да	PART	_	_	522	advmod	_	@enb1994m-words#@enb1994m#5868.785#5869.2
263	да	да	PART	_	_	522	parataxis	_	@enb1994m-words#@enb1994m#5871.889#5872.005
264	да	да	PART	_	_	522	cc	_	@enb1994m-words#@enb1994m#5879.579#5879.866
265	/	/	PUNCT	_	_	267	punct	_	@enb1994m-words#@enb1994m#5879.868#5880.002
266	постоянно	постоянно	ADV	_	Degree=Pos	267	advmod	_	@enb1994m-words#@enb1994m#5880.002#5880.277
267	задаю	задавать	VERB	_	Aspect=Imp|Mood=Ind|Number=Sing|Person=1|Tense=Pres|VerbForm=Fin|Voice=Act	522	advcl	_	@enb1994m-words#@enb1994m#5880.277#5880.552
268	слушай	слушае	VERB	_	Aspect=Imp|Mood=Imp|Number=Sing|Person=2|VerbForm=Fin|Voice=Act	267	xcomp	_	@enb1994m-words#@enb1994m#5882.652#5883.1
269	нуу	ну	NOUN	_	Animacy=Inan|Case=Acc|Gender=Fem|Number=Sing	268	obj	_	@enb1994m-words#@enb1994m#5883.1#5883.525
270	/	/	PUNCT	_	_	272	punct	_	@enb1994m-words#@enb1994m#5883.525#5883.743
271	я	я	PRON	_	Case=Nom|Number=Sing|Person=1	272	nsubj	_	@enb1994m-words#@enb1994m#5883.744#5883.94
272	думаю	думать	VERB	_	Aspect=Imp|Mood=Ind|Number=Sing|Person=1|Tense=Pres|VerbForm=Fin|Voice=Act	267	parataxis	_	@enb1994m-words#@enb1994m#5883.94#5884.136
273	то	то	SCONJ	_	_	522	mark	_	@enb1994m-words#@enb1994m#5884.136#5884.332
274	что	что	SCONJ	_	_	279	mark	_	@enb1994m-words#@enb1994m#5884.332#5884.531
275	три	три	NUM	_	Case=Nom	276	nummod:gov	_	@enb1994m-words#@enb1994m#5884.588#5884.843
276	четыре	четыре	NUM	_	Case=Nom	277	nummod:gov	_	@enb1994m-words#@enb1994m#5884.843#5885.099
277	/	/	PUNCT	_	_	279	nsubj	_	@enb1994m-words#@enb1994m#5885.1#5885.521
278	пять	пять	NUM	_	Case=Acc	277	nummod:gov	_	@enb1994m-words#@enb1994m#5885.521#5885.881
279	может	мочь	VERB	_	Aspect=Imp|Mood=Ind|Number=Sing|Person=3|Tense=Pres|VerbForm=Fin|Voice=Act	522	parataxis	_	@enb1994m-words#@enb1994m#5885.882#5886.133
280	быть	быть	AUX	_	Aspect=Imp|VerbForm=Inf|Voice=Act	291	cop	_	@enb1994m-words#@enb1994m#5886.133#5886.384
281	разных	разный	ADJ	_	Case=Gen|Degree=Pos|Number=Plur	282	amod	_	@enb1994m-words#@enb1994m#5886.384#5886.635
282	бизнесов	бизнес	NOUN	_	Animacy=Inan|Case=Gen|Gender=Masc|Number=Plur	291	nmod	_	@enb1994m-words#@enb1994m#5886.635#5886.886
283	у	у	ADP	_	_	284	case	_	@enb1994m-words#@enb1994m#5886.886#5887.137
284	меня	я	PRON	_	Case=Gen|Number=Sing|Person=1	291	nmod	_	@enb1994m-words#@enb1994m#5887.137#5887.388
285	будет	быть	AUX	_	Aspect=Imp|Mood=Ind|Number=Sing|Person=3|Tense=Pres|VerbForm=Fin|Voice=Act	291	cop	_	@enb1994m-words#@enb1994m#5887.388#5887.64
286	сто	сто	NUM	_	Case=Nom	287	nummod:gov	_	@enb1994m-words#@enb1994m#5888.409#5888.692
287	процентов	процент	NOUN	_	Animacy=Inan|Case=Gen|Gender=Masc|Number=Plur	291	nsubj	_	@enb1994m-words#@enb1994m#5888.692#5888.975
288	будет	быть	AUX	_	Aspect=Imp|Mood=Ind|Number=Sing|Person=3|Tense=Pres|VerbForm=Fin|Voice=Act	291	cop	_	@enb1994m-words#@enb1994m#5889.301#5889.616
289	какой-то	какой-то	DET	_	Case=Nom|Gender=Masc|Number=Sing	291	det	_	@enb1994m-words#@enb1994m#5889.616#5889.931
290	стабильный	стабильный	ADJ	_	Case=Nom|Degree=Pos|Gender=Masc|Number=Sing	291	amod	_	@enb1994m-words#@enb1994m#5889.931#5890.246
291	доход	доход	NOUN	_	Animacy=Inan|Case=Nom|Gender=Masc|Number=Sing	522	nsubj	_	@enb1994m-words#@enb1994m#5890.246#5890.561
292	независящий	независящий	VERB	_	Aspect=Imp|Case=Nom|Gender=Masc|Number=Sing|Tense=Pres|VerbForm=Part|Voice=Act	295	acl	_	@enb1994m-words#@enb1994m#5890.561#5890.876
293	от	от	ADP	_	_	294	case	_	@enb1994m-words#@enb1994m#5890.876#5891.191
294	музыки	музыка	NOUN	_	Animacy=Inan|Case=Gen|Gender=Fem|Number=Sing	292	obl	_	@enb1994m-words#@enb1994m#5891.191#5891.508
295	я	я	PRON	_	Case=Nom|Number=Sing|Person=1	522	nsubj	_	@enb1994m-words#@enb1994m#5892.299#5892.586
296	думаю	думать	VERB	_	Aspect=Imp|Mood=Ind|Number=Sing|Person=1|Tense=Pres|VerbForm=Fin|Voice=Act	522	parataxis	_	@enb1994m-words#@enb1994m#5892.586#5892.873
297	пара	пара	NOUN	_	Animacy=Inan|Case=Nom|Gender=Fem|Number=Sing	305	nsubj	_	@enb1994m-words#@enb1994m#5892.873#5893.16
298	троек	тройка	NOUN	_	Animacy=Inan|Case=Gen|Gender=Fem|Number=Plur	297	nmod	_	@enb1994m-words#@enb1994m#5893.16#5893.449
299	ээ	ээ	NOUN	_	Animacy=Inan|Case=Gen|Gender=Fem|Number=Sing	298	nmod	_	@enb1994m-words#@enb1994m#5893.449#5893.901
300	продюсерских	продюсерский	ADJ	_	Case=Gen|Degree=Pos|Number=Plur	301	amod	_	@enb1994m-words#@enb1994m#5893.975#5894.43
301	проектов	проект	NOUN	_	Animacy=Inan|Case=Gen|Gender=Masc|Number=Plur	299	nmod	_	@enb1994m-words#@enb1994m#5894.43#5894.886
302	ну	ну	PART	_	_	305	parataxis	_	@enb1994m-words#@enb1994m#5897.649#5897.837
303	кого-то	кто-то	PRON	_	Case=Acc	305	obj	_	@enb1994m-words#@enb1994m#5898.96#5899.269
304	я	я	PRON	_	Case=Nom|Number=Sing|Person=1	305	nsubj	_	@enb1994m-words#@enb1994m#5899.269#5899.578
305	спродюсирую	спродюсировать	VERB	_	Aspect=Imp|Mood=Ind|Number=Sing|Person=1|Tense=Pres|VerbForm=Fin|Voice=Act	522	advcl	_	@enb1994m-words#@enb1994m#5899.578#5899.889
306	да	да	CCONJ	_	_	307	cc	_	@enb1994m-words#@enb1994m#5906.169#5906.407
307	смотри	смотреть	VERB	_	Aspect=Imp|Mood=Imp|Number=Sing|Person=2|VerbForm=Fin|Voice=Act	305	conj	_	@enb1994m-words#@enb1994m#5912.387#5912.725
308	/	/	PUNCT	_	_	309	punct	_	@enb1994m-words#@enb1994m#5912.726#5912.934
309	давай	давать	VERB	_	Aspect=Imp|Mood=Imp|Number=Sing|Person=2|VerbForm=Fin|Voice=Act	305	conj	_	@enb1994m-words#@enb1994m#5912.935#5913.222
310	еще	еще	ADV	_	Degree=Pos	311	obl	_	@enb1994m-words#@enb1994m#5913.222#5913.509
311	раз	раз	NOUN	_	Animacy=Inan|Case=Acc|Gender=Masc|Number=Sing	309	obl	_	@enb1994m-words#@enb1994m#5913.509#5913.796
312	раз	раз	NOUN	_	Animacy=Inan|Case=Gen|Gender=Masc|Number=Plur	309	obl	_	@enb1994m-words#@enb1994m#5913.796#5914.083
313	и	и	CCONJ	_	_	314	cc	_	@enb1994m-words#@enb1994m#5914.083#5914.37
314	навсегда	навсегда	ADV	_	Degree=Pos	305	conj	_	@enb1994m-words#@enb1994m#5914.37#5914.66
315	/	/	PUNCT	_	_	316	punct	_	@enb1994m-words#@enb1994m#5914.66#5914.943
316	ээ	ээ	X	_	Foreign=Yes	314	flat:foreign	_	@enb1994m-words#@enb1994m#5914.943#5915.358
317	борис	бориса	X	_	Foreign=Yes	314	flat:foreign	_	@enb1994m-words#@enb1994m#5915.365#5915.677
318	романович	романович	NOUN	_	Animacy=Inan|Case=Nom|Gender=Masc|Number=Sing	314	parataxis	_	@enb1994m-words#@enb1994m#5915.677#5915.989
319	ротенберг	ротенберг	NOUN	_	Animacy=Inan|Case=Gen|Gender=Fem|Number=Plur	318	nmod	_	@enb1994m-words#@enb1994m#5915.989#5916.301
320	/	/	PUNCT	_	_	321	punct	_	@enb1994m-words#@enb1994m#5916.309#5916.825
321	ии	ия	NOUN	_	Animacy=Inan|Case=Gen|Gender=Fem|Number=Sing	319	nmod	_	@enb1994m-words#@enb1994m#5916.834#5917.343
322	карина	карин	NOUN	_	Animacy=Inan|Case=Gen|Gender=Masc|Number=Sing	321	nmod	_	@enb1994m-words#@enb1994m#5917.343#5917.72
323	/	/	PUNCT	_	_	328	punct	_	@enb1994m-words#@enb1994m#5917.72#5918.478
324	к	к	ADP	_	_	326	case	_	@enb1994m-words#@enb1994m#5918.478#5918.916
325	моему	мой	DET	_	Case=Dat|Gender=Neut|Number=Sing	326	det	_	@enb1994m-words#@enb1994m#5918.916#5919.354
326	удивлению	удивление	NOUN	_	Animacy=Inan|Case=Dat|Gender=Neut|Number=Sing	328	nmod	_	@enb1994m-words#@enb1994m#5919.354#5919.792
327	замечательные	замечательный	ADJ	_	Case=Nom|Degree=Pos|Number=Plur	328	amod	_	@enb1994m-words#@enb1994m#5919.792#5920.23
328	люди	человек	NOUN	_	Animacy=Anim|Case=Nom|Gender=Masc|Number=Plur	318	nsubj	_	@enb1994m-words#@enb1994m#5920.23#5920.668
329	потому	потому	ADV	_	Degree=Pos	335	mark	_	@enb1994m-words#@enb1994m#5920.668#5921.106
330	что	что	SCONJ	_	_	329	fixed	_	@enb1994m-words#@enb1994m#5921.106#5921.544
331	при	при	ADP	_	_	332	case	_	@enb1994m-words#@enb1994m#5921.544#5921.982
332	том	то	PRON	_	Animacy=Inan|Case=Loc|Gender=Neut|Number=Sing	335	obl	_	@enb1994m-words#@enb1994m#5921.982#5922.42
333	что	что	SCONJ	_	_	335	mark	_	@enb1994m-words#@enb1994m#5922.42#5922.858
334	они	они	PRON	_	Case=Nom|Number=Plur|Person=3	335	nsubj	_	@enb1994m-words#@enb1994m#5922.858#5923.296
335	имеют	иметь	VERB	_	Aspect=Imp|Mood=Ind|Number=Plur|Person=3|Tense=Pres|VerbForm=Fin|Voice=Act	338	advcl	_	@enb1994m-words#@enb1994m#5923.296#5923.734
336	мне	я	PRON	_	Case=Dat|Number=Sing|Person=1	335	iobj	_	@enb1994m-words#@enb1994m#5923.734#5924.172
337	/	/	PUNCT	_	_	335	punct	_	@enb1994m-words#@enb1994m#5924.173#5924.721
338	было	быть	VERB	_	Aspect=Imp|Gender=Neut|Mood=Ind|Number=Sing|Tense=Past|VerbForm=Fin|Voice=Act	328	acl	_	@enb1994m-words#@enb1994m#5924.721#5925.093
339	/	/	PUNCT	_	_	342	punct	_	@enb1994m-words#@enb1994m#5925.093#5926.348
340	очень	очень	ADV	_	Degree=Pos	341	advmod	_	@enb1994m-words#@enb1994m#5926.348#5926.891
341	удивительно	удивительно	ADV	_	Degree=Pos	342	advmod	_	@enb1994m-words#@enb1994m#5926.891#5927.434
342	смотреть	смотреть	VERB	_	Aspect=Imp|VerbForm=Inf|Voice=Act	338	conj	_	@enb1994m-words#@enb1994m#5927.434#5927.977
343	на	на	ADP	_	_	348	mark	_	@enb1994m-words#@enb1994m#5927.977#5928.52
344	/	/	PUNCT	_	_	348	punct	_	@enb1994m-words#@enb1994m#5928.53#5929.863
345	то	то	SCONJ	_	_	348	mark	_	@enb1994m-words#@enb1994m#5929.869#5930.223
346	как	как	SCONJ	_	_	348	mark	_	@enb1994m-words#@enb1994m#5930.223#5930.577
347	мы	мы	PRON	_	Case=Nom|Number=Plur|Person=1	348	nsubj	_	@enb1994m-words#@enb1994m#5930.577#5930.931
348	праздновали	праздновать	VERB	_	Aspect=Imp|Mood=Ind|Number=Plur|Tense=Past|VerbForm=Fin|Voice=Act	342	advcl	_	@enb1994m-words#@enb1994m#5930.931#5931.285
349	новый	новый	ADJ	_	Animacy=Inan|Case=Acc|Degree=Pos|Gender=Masc|Number=Sing	350	amod	_	@enb1994m-words#@enb1994m#5931.285#5931.639
350	год	год	NOUN	_	Animacy=Inan|Case=Acc|Gender=Masc|Number=Sing	353	obl	_	@enb1994m-words#@enb1994m#5931.639#5931.993
351	вместе	вместе	ADV	_	Degree=Pos	353	advmod	_	@enb1994m-words#@enb1994m#5931.993#5932.347
352	и	и	PART	_	_	353	advmod	_	@enb1994m-words#@enb1994m#5932.347#5932.701
353	были	быть	VERB	_	Aspect=Imp|Mood=Ind|Number=Plur|Tense=Past|VerbForm=Fin|Voice=Act	348	xcomp	_	@enb1994m-words#@enb1994m#5932.701#5933.055
354	мои	мой	DET	_	Case=Nom|Number=Plur	355	det	_	@enb1994m-words#@enb1994m#5933.055#5933.409
355	родители	родитель	NOUN	_	Animacy=Anim|Case=Nom|Gender=Masc|Number=Plur	348	obl	_	@enb1994m-words#@enb1994m#5933.409#5933.763
356	и	и	CCONJ	_	_	365	cc	_	@enb1994m-words#@enb1994m#5933.763#5934.117
357	когда	когда	SCONJ	_	_	360	mark	_	@enb1994m-words#@enb1994m#5934.117#5934.471
358	борис	бориса	NOUN	_	Animacy=Anim|Case=Nom|Gender=Masc|Number=Sing	360	nsubj	_	@enb1994m-words#@enb1994m#5934.471#5934.825
359	романович	романович	PROPN	_	Animacy=Anim|Case=Nom|Gender=Masc|Number=Sing	358	appos	_	@enb1994m-words#@enb1994m#5934.825#5935.179
360	говорил	говорить	VERB	_	Aspect=Imp|Gender=Masc|Mood=Ind|Number=Sing|Tense=Past|VerbForm=Fin|Voice=Act	365	advcl	_	@enb1994m-words#@enb1994m#5935.179#5935.533
361	слова	слово	NOUN	_	Animacy=Inan|Case=Acc|Gender=Neut|Number=Plur	360	obj	_	@enb1994m-words#@enb1994m#5935.533#5935.887
362	мы	мы	PRON	_	Case=Nom|Number=Plur|Person=1	365	nsubj	_	@enb1994m-words#@enb1994m#5935.887#5936.241
363	все	весь	PART	_	_	364	advmod	_	@enb1994m-words#@enb1994m#5936.241#5936.595
364	там	там	ADV	_	Degree=Pos	365	advmod	_	@enb1994m-words#@enb1994m#5936.595#5936.949
365	говорили	говорить	VERB	_	Aspect=Imp|Mood=Ind|Number=Plur|Tense=Past|VerbForm=Fin|Voice=Act	355	conj	_	@enb1994m-words#@enb1994m#5936.949#5937.303
366	слова	слово	NOUN	_	Animacy=Inan|Case=Nom|Gender=Neut|Number=Plur	369	nsubj	_	@enb1994m-words#@enb1994m#5937.303#5937.657
367	был	быть	AUX	_	Aspect=Imp|Gender=Masc|Mood=Ind|Number=Sing|Tense=Past|VerbForm=Fin|Voice=Act	369	cop	_	@enb1994m-words#@enb1994m#5937.657#5938.011
368	узкий	узкий	ADJ	_	Case=Nom|Degree=Pos|Gender=Masc|Number=Sing	369	amod	_	@enb1994m-words#@enb1994m#5938.011#5938.365
369	круг	круг	NOUN	_	Animacy=Inan|Case=Nom|Gender=Masc|Number=Sing	365	advcl	_	@enb1994m-words#@enb1994m#5938.365#5938.728
370	/	/	PUNCT	_	_	371	punct	_	@enb1994m-words#@enb1994m#5938.729#5939.463
371	ээ	ээ	INTJ	_	_	369	nmod	_	@enb1994m-words#@enb1994m#5939.463#5939.874
372	/	/	PUNCT	_	_	375	punct	_	@enb1994m-words#@enb1994m#5939.874#5940.222
373	ну	ну	PART	_	_	375	parataxis	_	@enb1994m-words#@enb1994m#5940.222#5940.525
374	реально	реально	ADV	_	Degree=Pos	375	advmod	_	@enb1994m-words#@enb1994m#5940.525#5940.828
375	пробивало	пробивать	VERB	_	Aspect=Imp|Gender=Neut|Mood=Ind|Number=Sing|Tense=Past|VerbForm=Fin|Voice=Act	369	conj	_	@enb1994m-words#@enb1994m#5940.828#5941.132
376	/	/	PUNCT	_	_	378	punct	_	@enb1994m-words#@enb1994m#5941.132#5941.471
377	очень	очень	ADV	_	Degree=Pos	378	advmod	_	@enb1994m-words#@enb1994m#5941.471#5941.757
378	сильно	сильно	ADV	_	Degree=Pos	375	advmod	_	@enb1994m-words#@enb1994m#5941.757#5942.043
379	/	/	PUNCT	_	_	382	punct	_	@enb1994m-words#@enb1994m#5942.046#5942.797
380	и	и	CCONJ	_	_	382	cc	_	@enb1994m-words#@enb1994m#5942.798#5943.16
381	я	я	PRON	_	Case=Nom|Number=Sing|Person=1	382	nsubj	_	@enb1994m-words#@enb1994m#5943.16#5943.522
382	удивился	удивиться	VERB	_	Aspect=Perf|Gender=Masc|Mood=Ind|Number=Sing|Tense=Past|VerbForm=Fin|Voice=Mid	389	parataxis	_	@enb1994m-words#@enb1994m#5943.522#5943.884
383	что	что	SCONJ	_	_	382	advmod	_	@enb1994m-words#@enb1994m#5943.884#5944.246
384	люди	человек	NOUN	_	Animacy=Anim|Case=Nom|Gender=Masc|Number=Plur	389	nsubj	_	@enb1994m-words#@enb1994m#5944.246#5944.608
385	имея	иметь	VERB	_	Aspect=Imp|Tense=Pres|VerbForm=Conv|Voice=Act	389	advcl	_	@enb1994m-words#@enb1994m#5944.608#5944.97
386	столько	столько	ADV	_	Degree=Pos	387	nummod:gov	_	@enb1994m-words#@enb1994m#5944.97#5945.332
387	всего	все	PRON	_	Animacy=Inan|Case=Gen|Gender=Neut|Number=Sing	389	obl	_	@enb1994m-words#@enb1994m#5945.332#5945.694
388	не	не	PART	_	_	389	advmod	_	@enb1994m-words#@enb1994m#5945.694#5946.056
389	потеряли	терять	VERB	_	Aspect=Perf|Mood=Ind|Number=Plur|Tense=Past|VerbForm=Fin|Voice=Act	375	conj	_	@enb1994m-words#@enb1994m#5946.056#5946.418
390	вот	вот	PART	_	_	391	advmod	_	@enb1994m-words#@enb1994m#5946.418#5946.78
391	это	это	PRON	_	Animacy=Inan|Case=Acc|Gender=Neut|Number=Sing	389	obj	_	@enb1994m-words#@enb1994m#5946.78#5947.142
392	знаешь	знать	VERB	_	Aspect=Imp|Mood=Ind|Number=Sing|Person=2|Tense=Pres|VerbForm=Fin|Voice=Act	389	parataxis	_	@enb1994m-words#@enb1994m#5947.142#5947.504
393	своё	свой	DET	_	Case=Acc|Gender=Neut|Number=Sing	395	det	_	@enb1994m-words#@enb1994m#5947.504#5947.866
394	хорошее	хороший	ADJ	_	Case=Acc|Degree=Pos|Gender=Neut|Number=Sing	395	amod	_	@enb1994m-words#@enb1994m#5947.866#5948.228
395	нутро	нутро	NOUN	_	Animacy=Inan|Case=Acc|Gender=Neut|Number=Sing	392	obj	_	@enb1994m-words#@enb1994m#5948.228#5948.59
396	и	и	CCONJ	_	_	397	cc	_	@enb1994m-words#@enb1994m#5948.59#5948.952
397	остались	остаться	VERB	_	Aspect=Perf|Mood=Ind|Number=Plur|Tense=Past|VerbForm=Fin|Voice=Mid	392	conj	_	@enb1994m-words#@enb1994m#5948.952#5949.314
398	классными	классный	ADJ	_	Case=Ins|Degree=Pos|Number=Plur	399	amod	_	@enb1994m-words#@enb1994m#5949.314#5949.676
399	людьми	человек	NOUN	_	Animacy=Anim|Case=Ins|Gender=Masc|Number=Plur	397	obl	_	@enb1994m-words#@enb1994m#5949.676#5950.045
400	/	/	PUNCT	_	_	407	punct	_	@enb1994m-words#@enb1994m#5950.049#5951.513
401	нас	мы	PRON	_	Case=Acc|Number=Plur|Person=1	407	obj	_	@enb1994m-words#@enb1994m#5951.517#5951.729
402	с	с	ADP	_	_	403	case	_	@enb1994m-words#@enb1994m#5951.729#5951.941
403	ними	они	PRON	_	Case=Ins|Number=Plur|Person=3	407	obl	_	@enb1994m-words#@enb1994m#5951.941#5952.153
404	/	/	PUNCT	_	_	403	punct	_	@enb1994m-words#@enb1994m#5952.153#5952.469
405	ничего	ничто	PRON	_	Case=Gen	407	obl	_	@enb1994m-words#@enb1994m#5952.469#5952.752
406	не	не	PART	_	_	407	advmod	_	@enb1994m-words#@enb1994m#5952.752#5953.035
407	связывает	связывать	VERB	_	Aspect=Imp|Mood=Ind|Number=Sing|Person=3|Tense=Pres|VerbForm=Fin|Voice=Act	397	parataxis	_	@enb1994m-words#@enb1994m#5953.035#5953.318
408	я	я	PRON	_	Case=Nom|Number=Sing|Person=1	407	nsubj	_	@enb1994m-words#@enb1994m#5953.318#5953.601
409	не	не	PART	_	_	410	advmod	_	@enb1994m-words#@enb1994m#5953.601#5953.884
410	их	их	DET	_	_	411	det	_	@enb1994m-words#@enb1994m#5953.884#5954.167
411	проект	проект	NOUN	_	Animacy=Inan|Case=Nom|Gender=Masc|Number=Sing	407	nsubj	_	@enb1994m-words#@enb1994m#5954.167#5954.45
412	/	/	PUNCT	_	_	417	punct	_	@enb1994m-words#@enb1994m#5954.452#5954.646
413	они	они	PRON	_	Case=Nom|Number=Plur|Person=3	417	nsubj	_	@enb1994m-words#@enb1994m#5954.648#5954.95
414	меня	я	PRON	_	Case=Acc|Number=Sing|Person=1	417	obj	_	@enb1994m-words#@enb1994m#5954.95#5955.252
415	ниоткуда	ниоткуда	ADV	_	Degree=Pos	417	advmod	_	@enb1994m-words#@enb1994m#5955.252#5955.554
416	не	не	PART	_	_	417	advmod	_	@enb1994m-words#@enb1994m#5955.554#5955.856
417	выкупали	выкупать	VERB	_	Aspect=Imp|Mood=Ind|Number=Plur|Tense=Past|VerbForm=Fin|Voice=Act	411	acl	_	@enb1994m-words#@enb1994m#5955.856#5956.161
418	/	/	PUNCT	_	_	419	punct	_	@enb1994m-words#@enb1994m#5956.165#5956.475
419	онии	ония	NOUN	_	Animacy=Inan|Case=Loc|Gender=Neut|Number=Sing	417	obl	_	@enb1994m-words#@enb1994m#5956.475#5957.138
420	/	/	PUNCT	_	_	424	punct	_	@enb1994m-words#@enb1994m#5957.146#5957.351
421	ничем	ничто	PRON	_	Case=Ins	424	obl	_	@enb1994m-words#@enb1994m#5957.356#5957.629
422	мне	я	PRON	_	Case=Dat|Number=Sing|Person=1	424	iobj	_	@enb1994m-words#@enb1994m#5957.629#5957.902
423	не	не	PART	_	_	424	advmod	_	@enb1994m-words#@enb1994m#5957.902#5958.175
424	обязаны	обязывать	VERB	_	Aspect=Perf|Number=Plur|Tense=Past|Variant=Short|VerbForm=Part|Voice=Pass	417	conj	_	@enb1994m-words#@enb1994m#5958.175#5958.448
425	я	я	PRON	_	Case=Nom|Number=Sing|Person=1	424	nsubj:pass	_	@enb1994m-words#@enb1994m#5958.448#5958.721
426	им	они	PRON	_	Case=Dat|Number=Plur|Person=3	424	iobj	_	@enb1994m-words#@enb1994m#5958.721#5958.994
427	ничем	ничто	PRON	_	Case=Ins	429	obl	_	@enb1994m-words#@enb1994m#5958.994#5959.267
428	не	не	PART	_	_	429	advmod	_	@enb1994m-words#@enb1994m#5959.267#5959.54
429	обязан	обязанный	ADJ	_	Degree=Pos|Gender=Masc|Number=Sing|Variant=Short	424	obl	_	@enb1994m-words#@enb1994m#5959.54#5959.815
430	/	/	PUNCT	_	_	431	punct	_	@enb1994m-words#@enb1994m#5959.82#5960.21
431	ии	ия	NOUN	_	Animacy=Inan|Case=Nom|Gender=Fem|Number=Plur	429	nsubj	_	@enb1994m-words#@enb1994m#5960.224#5960.44
432	/	/	PUNCT	_	_	447	punct	_	@enb1994m-words#@enb1994m#5960.443#5960.764
433	я	я	PRON	_	Case=Nom|Number=Sing|Person=1	447	nsubj	_	@enb1994m-words#@enb1994m#5960.764#5961.253
434	никогда	никогда	ADV	_	Degree=Pos	447	advmod	_	@enb1994m-words#@enb1994m#5961.253#5961.742
435	скорее	скорее	ADV	_	Degree=Pos	447	parataxis	_	@enb1994m-words#@enb1994m#5961.742#5962.231
436	всего	все	PRON	_	Animacy=Inan|Case=Gen|Gender=Neut|Number=Sing	435	obl	_	@enb1994m-words#@enb1994m#5962.231#5962.721
437	/	/	PUNCT	_	_	443	punct	_	@enb1994m-words#@enb1994m#5962.721#5964.946
438	хотя	хотя	SCONJ	_	_	443	mark	_	@enb1994m-words#@enb1994m#5964.946#5965.165
439	у	у	ADP	_	_	440	case	_	@enb1994m-words#@enb1994m#5965.165#5965.384
440	меня	я	PRON	_	Case=Gen|Number=Sing|Person=1	443	obl	_	@enb1994m-words#@enb1994m#5965.384#5965.603
441	на	на	ADP	_	_	442	case	_	@enb1994m-words#@enb1994m#5965.603#5965.822
442	груди	грудь	NOUN	_	Animacy=Inan|Case=Loc|Gender=Fem|Number=Sing	443	obl	_	@enb1994m-words#@enb1994m#5965.822#5966.041
443	написано	писать	VERB	_	Aspect=Perf|Gender=Neut|Number=Sing|Tense=Past|Variant=Short|VerbForm=Part|Voice=Pass	435	advcl	_	@enb1994m-words#@enb1994m#5966.041#5966.265
444	/	/	PUNCT	_	_	443	punct	_	@enb1994m-words#@enb1994m#5966.265#5966.57
445	никогда	никогда	ADV	_	Degree=Pos	447	advmod	_	@enb1994m-words#@enb1994m#5966.582#5966.868
446	не	не	PART	_	_	447	advmod	_	@enb1994m-words#@enb1994m#5966.868#5967.154
447	говори	говорить	VERB	_	Aspect=Imp|Mood=Imp|Number=Sing|Person=2|VerbForm=Fin|Voice=Act	431	conj	_	@enb1994m-words#@enb1994m#5967.154#5967.44
448	никогда	никогда	ADV	_	Degree=Pos	447	advmod	_	@enb1994m-words#@enb1994m#5967.44#5967.727
449	/	/	PUNCT	_	_	450	punct	_	@enb1994m-words#@enb1994m#5967.743#5968.052
450	ноо	ноо	ADV	_	Degree=Pos	447	parataxis	_	@enb1994m-words#@enb1994m#5968.052#5968.391
451	/	/	PUNCT	_	_	450	punct	_	@enb1994m-words#@enb1994m#5968.403#5969.386
452	я	я	PRON	_	Case=Nom|Number=Sing|Person=1	453	nsubj	_	@enb1994m-words#@enb1994m#5969.403#5969.702
453	надеюсь	надеяться	VERB	_	Aspect=Imp|Mood=Ind|Number=Sing|Person=1|Tense=Pres|VerbForm=Fin|Voice=Mid	447	parataxis	_	@enb1994m-words#@enb1994m#5969.702#5970.001
454	что	что	SCONJ	_	_	461	mark	_	@enb1994m-words#@enb1994m#5970.001#5970.3
455	я	я	PRON	_	Case=Nom|Number=Sing|Person=1	461	nsubj	_	@enb1994m-words#@enb1994m#5970.3#5970.599
456	никогда	никогда	ADV	_	Degree=Pos	461	advmod	_	@enb1994m-words#@enb1994m#5970.599#5970.899
457	/	/	PUNCT	_	_	458	punct	_	@enb1994m-words#@enb1994m#5970.907#5971.568
458	не	не	PART	_	_	461	advmod	_	@enb1994m-words#@enb1994m#5971.568#5971.661
459	/	/	PUNCT	_	_	458	punct	_	@enb1994m-words#@enb1994m#5971.663#5972.275
460	буду	быть	AUX	_	Aspect=Imp|Mood=Ind|Number=Sing|Person=1|Tense=Pres|VerbForm=Fin|Voice=Act	461	aux	_	@enb1994m-words#@enb1994m#5972.275#5972.656
461	нуждаться	нуждаться	VERB	_	Aspect=Imp|VerbForm=Inf|Voice=Mid	453	advcl	_	@enb1994m-words#@enb1994m#5972.656#5973.038
462	/	/	PUNCT	_	_	461	punct	_	@enb1994m-words#@enb1994m#5973.038#5973.495
463	в	в	ADP	_	_	466	case	_	@enb1994m-words#@enb1994m#5973.497#5973.756
464	помощи	помощь	NOUN	_	Animacy=Inan|Case=Loc|Gender=Fem|Number=Sing	463	fixed	_	@enb1994m-words#@enb1994m#5973.756#5974.015
465	таких	такой	DET	_	Case=Gen|Number=Plur	466	det	_	@enb1994m-words#@enb1994m#5974.015#5974.274
466	людей	человек	NOUN	_	Animacy=Anim|Case=Gen|Gender=Masc|Number=Plur	461	obl	_	@enb1994m-words#@enb1994m#5974.274#5974.534
467	/	/	PUNCT	_	_	461	punct	_	@enb1994m-words#@enb1994m#5974.542#5975.138
468	и	и	CCONJ	_	_	474	cc	_	@enb1994m-words#@enb1994m#5975.144#5975.359
469	не	не	PART	_	_	474	advmod	_	@enb1994m-words#@enb1994m#5975.359#5975.574
470	буду	быть	AUX	_	Aspect=Imp|Mood=Ind|Number=Sing|Person=1|Tense=Pres|VerbForm=Fin|Voice=Act	474	aux	_	@enb1994m-words#@enb1994m#5975.574#5975.789
471	у	у	ADP	_	_	472	case	_	@enb1994m-words#@enb1994m#5975.789#5976.004
472	них	они	PRON	_	Case=Gen|Number=Plur|Person=3	474	obl	_	@enb1994m-words#@enb1994m#5976.004#5976.219
473	чего-то	что-то	PRON	_	Case=Gen	474	obl	_	@enb1994m-words#@enb1994m#5976.219#5976.434
474	просить	спросить	VERB	_	Aspect=Imp|VerbForm=Inf|Voice=Act	461	conj	_	@enb1994m-words#@enb1994m#5976.434#5976.649
475	чтобы	чтобы	SCONJ	_	Mood=Cnd	479	mark	_	@enb1994m-words#@enb1994m#5976.649#5976.864
476	не	не	PART	_	_	479	advmod	_	@enb1994m-words#@enb1994m#5976.864#5977.079
477	быть	быть	AUX	_	Aspect=Imp|VerbForm=Inf|Voice=Act	479	cop	_	@enb1994m-words#@enb1994m#5977.079#5977.294
478	потом	потом	ADV	_	Degree=Pos	479	advmod	_	@enb1994m-words#@enb1994m#5977.294#5977.509
479	обязаным	обязаный	ADJ	_	Case=Ins|Degree=Pos|Gender=Masc|Number=Sing	474	obl	_	@enb1994m-words#@enb1994m#5977.509#5977.729
480	/	/	PUNCT	_	_	482	punct	_	@enb1994m-words#@enb1994m#5977.729#5978.254
481	я	я	PRON	_	Case=Nom|Number=Sing|Person=1	482	nsubj	_	@enb1994m-words#@enb1994m#5978.254#5978.494
482	лучше	хороший	ADJ	_	Degree=Cmp	479	conj	_	@enb1994m-words#@enb1994m#5978.494#5978.734
483	с	с	ADP	_	_	484	case	_	@enb1994m-words#@enb1994m#5978.734#5978.974
484	ними	они	PRON	_	Case=Ins|Number=Plur|Person=3	482	obl	_	@enb1994m-words#@enb1994m#5978.974#5979.214
485	буду	быть	AUX	_	Aspect=Imp|Mood=Ind|Number=Sing|Person=1|Tense=Pres|VerbForm=Fin|Voice=Act	482	cop	_	@enb1994m-words#@enb1994m#5979.214#5979.454
486	просто	просто	PART	_	_	487	advmod	_	@enb1994m-words#@enb1994m#5979.454#5979.694
487	дружить	дружить	VERB	_	Aspect=Imp|VerbForm=Inf|Voice=Act	482	advcl	_	@enb1994m-words#@enb1994m#5979.694#5979.934
488	потому	потому	ADV	_	Degree=Pos	499	mark	_	@enb1994m-words#@enb1994m#5979.934#5980.174
489	что	что	SCONJ	_	_	488	fixed	_	@enb1994m-words#@enb1994m#5980.174#5980.42
490	/	/	PUNCT	_	_	493	punct	_	@enb1994m-words#@enb1994m#5980.42#5980.673
491	они	они	PRON	_	Case=Nom|Number=Plur|Person=3	493	nsubj	_	@enb1994m-words#@enb1994m#5980.673#5980.92
492	хорошие	хороший	ADJ	_	Case=Nom|Degree=Pos|Number=Plur	493	amod	_	@enb1994m-words#@enb1994m#5980.92#5981.167
493	люди	человек	NOUN	_	Animacy=Anim|Case=Nom|Gender=Masc|Number=Plur	499	parataxis	_	@enb1994m-words#@enb1994m#5981.167#5981.414
494	ага	ага	NOUN	_	Animacy=Inan|Case=Gen|Gender=Masc|Number=Sing	493	nmod	_	@enb1994m-words#@enb1994m#6003.729#6003.909
495	они	они	PRON	_	Case=Nom|Number=Plur|Person=3	496	nsubj	_	@enb1994m-words#@enb1994m#6012.648#6012.801
496	хоо	хоый	ADJ	_	Degree=Pos|Gender=Neut|Number=Sing|Variant=Short	499	obl	_	@enb1994m-words#@enb1994m#6012.801#6012.954
497	мм	миллиметр	NOUN	_	Animacy=Inan|Case=Acc|Gender=Fem|Number=Sing	499	obj	_	@enb1994m-words#@enb1994m#6012.956#6013.441
498	наверное	наверное	ADV	_	Degree=Pos	499	parataxis	_	@enb1994m-words#@enb1994m#6013.444#6013.728
499	имели	иметь	VERB	_	Aspect=Imp|Mood=Ind|Number=Plur|Tense=Past|VerbForm=Fin|Voice=Act	487	advcl	_	@enb1994m-words#@enb1994m#6013.728#6014.012
500	в	в	ADP	_	_	509	discourse	_	@enb1994m-words#@enb1994m#6014.012#6014.296
501	виду	вид	NOUN	_	Animacy=Inan|Case=Loc|Gender=Masc|Number=Sing	500	fixed	_	@enb1994m-words#@enb1994m#6014.296#6014.58
502	что	что	PRON	_	Case=Acc	500	fixed	_	@enb1994m-words#@enb1994m#6014.58#6014.864
503	я	я	PRON	_	Case=Nom|Number=Sing|Person=1	504	nsubj	_	@enb1994m-words#@enb1994m#6014.864#6015.148
504	хотел	хотеть	VERB	_	Aspect=Imp|Gender=Masc|Mood=Ind|Number=Sing|Tense=Past|VerbForm=Fin|Voice=Act	509	advcl	_	@enb1994m-words#@enb1994m#6015.148#6015.432
505	тех	тот	DET	_	Case=Acc|Number=Plur	506	det	_	@enb1994m-words#@enb1994m#6015.432#6015.716
506	девушек	девушка	NOUN	_	Animacy=Anim|Case=Acc|Gender=Fem|Number=Plur	504	obj	_	@enb1994m-words#@enb1994m#6015.716#6016.0
507	которые	который	PRON	_	Case=Acc	506	nmod	_	@enb1994m-words#@enb1994m#6016.0#6016.291
508	/	/	PUNCT	_	_	507	punct	_	@enb1994m-words#@enb1994m#6016.291#6016.838
509	снимались	снимать	VERB	_	Aspect=Imp|Mood=Ind|Number=Plur|Tense=Past|VerbForm=Fin|Voice=Mid	499	parataxis	_	@enb1994m-words#@enb1994m#6016.838#6017.445
510	это	этот	PRON	_	Animacy=Inan|Case=Nom|Gender=Neut|Number=Sing	511	det	_	@enb1994m-words#@enb1994m#6017.63#6017.856
511	шутка	шутка	NOUN	_	Animacy=Inan|Case=Nom|Gender=Fem|Number=Sing	509	nsubj	_	@enb1994m-words#@enb1994m#6017.856#6018.083
512	слушай	слушать	VERB	_	Aspect=Imp|Mood=Imp|Number=Sing|Person=2|VerbForm=Fin|Voice=Act	511	acl	_	@enb1994m-words#@enb1994m#6018.386#6018.603
513	на	на	ADP	_	_	515	case	_	@enb1994m-words#@enb1994m#6018.603#6018.82
514	самом	самый	ADJ	_	Case=Loc|Degree=Pos|Gender=Neut|Number=Sing	515	amod	_	@enb1994m-words#@enb1994m#6018.82#6019.037
515	деле	дело	NOUN	_	Animacy=Inan|Case=Loc|Gender=Neut|Number=Sing	512	obl	_	@enb1994m-words#@enb1994m#6019.037#6019.254
516	я	я	PRON	_	Case=Nom|Number=Sing|Person=1	527	nsubj	_	@enb1994m-words#@enb1994m#6019.254#6019.475
517	/	/	PUNCT	_	_	520	punct	_	@enb1994m-words#@enb1994m#6019.475#6021.072
518	я	я	PRON	_	Case=Nom|Number=Sing|Person=1	520	nsubj	_	@enb1994m-words#@enb1994m#6021.08#6021.321
519	не	не	PART	_	_	520	advmod	_	@enb1994m-words#@enb1994m#6021.321#6021.562
520	знаю	знать	VERB	_	Aspect=Imp|Mood=Ind|Number=Sing|Person=1|Tense=Pres|VerbForm=Fin|Voice=Act	522	parataxis	_	@enb1994m-words#@enb1994m#6021.562#6021.803
521	я	я	PRON	_	Case=Nom|Number=Sing|Person=1	522	nsubj	_	@enb1994m-words#@enb1994m#6021.803#6022.044
522	нет	нет	VERB	_	Aspect=Imp|Mood=Ind|Number=Sing|Person=3|Tense=Pres|VerbForm=Fin|Voice=Act	249	xcomp	_	@enb1994m-words#@enb1994m#6023.765#6024.044
523	это	этот	PRON	_	Animacy=Inan|Case=Nom|Gender=Neut|Number=Sing	527	cop	_	@enb1994m-words#@enb1994m#6024.044#6024.323
524	неправда	неправда	ADV	_	Degree=Pos	527	parataxis	_	@enb1994m-words#@enb1994m#6024.323#6024.602
525	/	/	PUNCT	_	_	524	punct	_	@enb1994m-words#@enb1994m#6024.611#6025.16
526	это	это	PRON	_	Animacy=Inan|Case=Nom|Gender=Neut|Number=Sing	527	nsubj	_	@enb1994m-words#@enb1994m#6025.16#6025.425
527	неправда	неправда	NOUN	_	Animacy=Inan|Case=Nom|Gender=Fem|Number=Sing	512	obl	_	@enb1994m-words#@enb1994m#6025.425#6025.69
528	/	/	PUNCT	_	_	553	punct	_	@enb1994m-words#@enb1994m#6025.694#6025.873
529	это	это	PRON	_	Animacy=Inan|Case=Nom|Gender=Neut|Number=Sing	553	nsubj	_	@enb1994m-words#@enb1994m#6025.89#6026.123
530	абсолютно	абсолютно	ADV	_	Degree=Pos	531	obl	_	@enb1994m-words#@enb1994m#6026.123#6026.356
531	все	весь	PART	_	_	532	advmod	_	@enb1994m-words#@enb1994m#6026.356#6026.589
532	неправда	неправда	ADV	_	Degree=Pos	553	advmod	_	@enb1994m-words#@enb1994m#6026.589#6026.822
533	это	это	PRON	_	Animacy=Inan|Case=Nom|Gender=Neut|Number=Sing	553	nsubj	_	@enb1994m-words#@enb1994m#6026.822#6027.055
534	все	весь	DET	_	Case=Nom|Gender=Neut|Number=Sing	535	det	_	@enb1994m-words#@enb1994m#6027.055#6027.288
535	херня	херня	NOUN	_	Animacy=Inan|Case=Gen|Gender=Masc|Number=Sing	553	obl	_	@enb1994m-words#@enb1994m#6027.288#6027.521
536	это	это	PRON	_	Animacy=Inan|Case=Nom|Gender=Neut|Number=Sing	553	nsubj	_	@enb1994m-words#@enb1994m#6027.521#6027.754
537	все	весь	DET	_	Case=Nom|Gender=Neut|Number=Sing	536	det	_	@enb1994m-words#@enb1994m#6027.754#6027.987
538	то	то	SCONJ	_	_	540	mark	_	@enb1994m-words#@enb1994m#6027.987#6028.22
539	что	что	PRON	_	Case=Acc	540	obj	_	@enb1994m-words#@enb1994m#6028.22#6028.453
540	говорят	говорить	VERB	_	Aspect=Imp|Mood=Ind|Number=Plur|Person=3|Tense=Pres|VerbForm=Fin|Voice=Act	553	advcl	_	@enb1994m-words#@enb1994m#6028.453#6028.686
541	люди	человек	NOUN	_	Animacy=Anim|Case=Nom|Gender=Masc|Number=Plur	553	nsubj	_	@enb1994m-words#@enb1994m#6028.686#6028.919
542	полная	полный	ADJ	_	Case=Nom|Degree=Pos|Gender=Fem|Number=Sing	543	amod	_	@enb1994m-words#@enb1994m#6028.919#6029.152
543	хрень	хрень	NOUN	_	Animacy=Inan|Case=Nom|Gender=Fem|Number=Sing	553	nsubj	_	@enb1994m-words#@enb1994m#6029.152#6029.385
544	это	это	PRON	_	Animacy=Inan|Case=Acc|Gender=Neut|Number=Sing	553	obj	_	@enb1994m-words#@enb1994m#6029.385#6029.618
545	когда	когда	SCONJ	_	_	549	mark	_	@enb1994m-words#@enb1994m#6029.618#6029.851
546	мы	мы	PRON	_	Case=Nom|Number=Plur|Person=1	549	nsubj	_	@enb1994m-words#@enb1994m#6029.851#6030.084
547	с	с	ADP	_	_	548	case	_	@enb1994m-words#@enb1994m#6030.084#6030.317
548	тобой	ты	PRON	_	Case=Ins|Number=Sing|Person=2	549	obl	_	@enb1994m-words#@enb1994m#6030.317#6030.55
549	встречались	встречать	VERB	_	Aspect=Imp|Mood=Ind|Number=Plur|Tense=Past|VerbForm=Fin|Voice=Mid	553	advcl	_	@enb1994m-words#@enb1994m#6030.55#6030.783
550	и	и	PART	_	_	551	advmod	_	@enb1994m-words#@enb1994m#6030.783#6031.016
551	ты	ты	PRON	_	Case=Nom|Number=Sing|Person=2	553	nsubj	_	@enb1994m-words#@enb1994m#6031.016#6031.249
552	мне	я	PRON	_	Case=Dat|Number=Sing|Person=1	553	iobj	_	@enb1994m-words#@enb1994m#6031.249#6031.482
553	рассказывал	рассказывать	VERB	_	Aspect=Imp|Gender=Masc|Mood=Ind|Number=Sing|Tense=Past|VerbForm=Fin|Voice=Act	527	parataxis	_	@enb1994m-words#@enb1994m#6031.482#6031.733
554	/	/	PUNCT	_	_	553	punct	_	@enb1994m-words#@enb1994m#6031.733#6032.429
555	про	про	ADP	_	_	557	case	_	@enb1994m-words#@enb1994m#6032.429#6032.712
556	эту	этот	DET	_	Case=Acc|Gender=Fem|Number=Sing	557	det	_	@enb1994m-words#@enb1994m#6032.712#6032.995
557	историю	история	NOUN	_	Animacy=Inan|Case=Acc|Gender=Fem|Number=Sing	553	obl	_	@enb1994m-words#@enb1994m#6032.995#6033.278
558	с	с	ADP	_	_	557	advmod	_	@enb1994m-words#@enb1994m#6033.278#6033.562
559	/	/	PUNCT	_	_	560	punct	_	@enb1994m-words#@enb1994m#6033.565#6034.304
560	ээ	ээ	INTJ	_	_	558	conj	_	@enb1994m-words#@enb1994m#6034.313#6034.882
561	этим	этот	PRON	_	Animacy=Inan|Case=Ins|Gender=Neut|Number=Sing	560	obl	_	@enb1994m-words#@enb1994m#6034.883#6035.222
562	незаплатившем	незаплативший	AUX	_	Aspect=Imp|Case=Loc|Gender=Masc|Number=Sing|Tense=Past|VerbForm=Part|Voice=Act	563	cop	_	@enb1994m-words#@enb1994m#6035.222#6035.561
563	счетом	счет	NOUN	_	Animacy=Inan|Case=Ins|Gender=Masc|Number=Sing	570	obl	_	@enb1994m-words#@enb1994m#6035.561#6035.9
564	в	в	ADP	_	_	565	case	_	@enb1994m-words#@enb1994m#6035.9#6036.239
565	кафе	кафе	NOUN	_	Animacy=Inan|Case=Acc|Gender=Neut|Number=Sing	563	nmod	_	@enb1994m-words#@enb1994m#6036.239#6036.578
566	где	где	ADV	_	Degree=Pos	570	advmod	_	@enb1994m-words#@enb1994m#6036.578#6036.917
567	твои	твой	DET	_	Case=Nom|Number=Plur	569	det	_	@enb1994m-words#@enb1994m#6036.917#6037.256
568	же	же	PART	_	_	567	advmod	_	@enb1994m-words#@enb1994m#6037.256#6037.595
569	ребята	ребята	NOUN	_	Animacy=Anim|Case=Nom|Gender=Neut|Number=Plur	570	nsubj	_	@enb1994m-words#@enb1994m#6037.595#6037.934
570	сказали	сказать	VERB	_	Aspect=Perf|Mood=Ind|Number=Plur|Tense=Past|VerbForm=Fin|Voice=Act	560	parataxis	_	@enb1994m-words#@enb1994m#6037.934#6038.273
571	то	то	PRON	_	Animacy=Inan|Case=Acc|Gender=Neut|Number=Sing	582	mark	_	@enb1994m-words#@enb1994m#6038.273#6038.612
572	что	что	SCONJ	_	_	575	mark	_	@enb1994m-words#@enb1994m#6038.612#6038.951
573	я	я	PRON	_	Case=Nom|Number=Sing|Person=1	575	nsubj	_	@enb1994m-words#@enb1994m#6038.951#6039.29
574	себя	себя	PRON	_	Case=Acc	575	obj	_	@enb1994m-words#@enb1994m#6039.29#6039.629
575	вел	вести	VERB	_	Aspect=Imp|Gender=Masc|Mood=Ind|Number=Sing|Tense=Past|VerbForm=Fin|Voice=Act	571	acl	_	@enb1994m-words#@enb1994m#6039.629#6039.968
576	как-то	как-то	ADV	_	Degree=Pos	575	advmod	_	@enb1994m-words#@enb1994m#6039.968#6040.307
577	херово	херово	ADV	_	Degree=Pos	582	advmod	_	@enb1994m-words#@enb1994m#6040.307#6040.646
578	эта	этот	DET	_	Case=Nom|Gender=Fem|Number=Sing	579	det	_	@enb1994m-words#@enb1994m#6040.646#6040.985
579	история	история	NOUN	_	Animacy=Inan|Case=Nom|Gender=Fem|Number=Sing	582	nsubj	_	@enb1994m-words#@enb1994m#6040.985#6041.324
580	была	быть	AUX	_	Aspect=Imp|Gender=Fem|Mood=Ind|Number=Sing|Tense=Past|VerbForm=Fin|Voice=Act	582	cop	_	@enb1994m-words#@enb1994m#6041.324#6041.663
581	просто	просто	PART	_	_	582	advmod	_	@enb1994m-words#@enb1994m#6041.663#6042.002
582	везде	везде	ADV	_	Degree=Pos	570	advmod	_	@enb1994m-words#@enb1994m#6042.002#6042.343
583	/	/	PUNCT	_	_	588	punct	_	@enb1994m-words#@enb1994m#6042.343#6042.857
584	с	с	ADP	_	_	586	case	_	@enb1994m-words#@enb1994m#6042.861#6043.14
585	этим	этот	DET	_	Case=Ins|Gender=Masc|Number=Sing	586	det	_	@enb1994m-words#@enb1994m#6043.14#6043.419
586	фотографом	фотограф	NOUN	_	Animacy=Inan|Case=Ins|Gender=Masc|Number=Sing	588	obl	_	@enb1994m-words#@enb1994m#6043.419#6043.698
587	который	который	PRON	_	Case=Acc	588	obj	_	@enb1994m-words#@enb1994m#6043.698#6043.977
588	сказал	сказать	VERB	_	Aspect=Perf|Gender=Masc|Mood=Ind|Number=Sing|Tense=Past|VerbForm=Fin|Voice=Act	570	conj	_	@enb1994m-words#@enb1994m#6043.977#6044.256
589	что	что	SCONJ	_	_	594	mark	_	@enb1994m-words#@enb1994m#6044.256#6044.535
590	я	я	PRON	_	Case=Nom|Number=Sing|Person=1	594	nsubj	_	@enb1994m-words#@enb1994m#6044.535#6044.814
591	его	он	PRON	_	Case=Acc|Gender=Masc|Number=Sing|Person=3	594	obj	_	@enb1994m-words#@enb1994m#6044.814#6045.093
592	где-то	где-то	ADV	_	Degree=Pos	594	advmod	_	@enb1994m-words#@enb1994m#6045.093#6045.372
593	не	не	PART	_	_	592	advmod	_	@enb1994m-words#@enb1994m#6045.372#6045.651
594	отметил	отметить	VERB	_	Aspect=Perf|Gender=Masc|Mood=Ind|Number=Sing|Tense=Past|VerbForm=Fin|Voice=Act	588	ccomp	_	@enb1994m-words#@enb1994m#6045.651#6045.93
595	что	что	PRON	_	Case=Acc	611	obl	_	@enb1994m-words#@enb1994m#6045.93#6046.209
596	я	я	PRON	_	Case=Nom|Number=Sing|Person=1	611	nsubj	_	@enb1994m-words#@enb1994m#6046.209#6046.488
597	такой	такой	DET	_	Case=Ins|Gender=Fem|Number=Sing	598	det	_	@enb1994m-words#@enb1994m#6046.488#6046.767
598	сякой	сяка	NOUN	_	Animacy=Inan|Case=Ins|Gender=Fem|Number=Sing	611	obl	_	@enb1994m-words#@enb1994m#6046.767#6047.055
599	/	/	PUNCT	_	_	602	punct	_	@enb1994m-words#@enb1994m#6047.055#6047.497
600	все	все	DET	_	Case=Nom|Gender=Neut|Number=Sing	602	det	_	@enb1994m-words#@enb1994m#6047.511#6047.761
601	выдуманное	выдумать	VERB	_	Aspect=Perf|Case=Nom|Gender=Neut|Number=Sing|Tense=Past|VerbForm=Part|Voice=Pass	602	amod	_	@enb1994m-words#@enb1994m#6047.761#6048.011
602	дерьмо	дерьмо	NOUN	_	Animacy=Inan|Case=Nom|Gender=Neut|Number=Sing	596	appos	_	@enb1994m-words#@enb1994m#6048.011#6048.261
603	и	и	CCONJ	_	_	606	cc	_	@enb1994m-words#@enb1994m#6048.261#6048.511
604	меня	я	PRON	_	Case=Gen|Number=Sing|Person=1	606	obl	_	@enb1994m-words#@enb1994m#6048.511#6048.761
605	это	это	PRON	_	Animacy=Inan|Case=Nom|Gender=Neut|Number=Sing	606	nsubj	_	@enb1994m-words#@enb1994m#6048.761#6049.011
606	раздражает	раздражать	VERB	_	Aspect=Imp|Mood=Ind|Number=Sing|Person=3|Tense=Pres|VerbForm=Fin|Voice=Act	602	conj	_	@enb1994m-words#@enb1994m#6049.011#6049.261
607	именно	именно	PART	_	_	608	advmod	_	@enb1994m-words#@enb1994m#6049.261#6049.511
608	поэтому	поэтому	ADV	_	Degree=Pos	606	advmod	_	@enb1994m-words#@enb1994m#6049.511#6049.761
609	я	я	PRON	_	Case=Nom|Number=Sing|Person=1	611	nsubj	_	@enb1994m-words#@enb1994m#6049.761#6050.011
610	тебе	ты	PRON	_	Case=Dat|Number=Sing|Person=2	611	iobj	_	@enb1994m-words#@enb1994m#6050.011#6050.261
611	сказал	сказать	VERB	_	Aspect=Perf|Gender=Masc|Mood=Ind|Number=Sing|Tense=Past|VerbForm=Fin|Voice=Act	594	ccomp	_	@enb1994m-words#@enb1994m#6050.261#6050.511
612	что	что	SCONJ	_	_	614	mark	_	@enb1994m-words#@enb1994m#6050.511#6050.761
613	я	я	PRON	_	Case=Nom|Number=Sing|Person=1	614	nsubj	_	@enb1994m-words#@enb1994m#6050.761#6051.011
614	ненавижу	ненавидеть	VERB	_	Aspect=Imp|Mood=Ind|Number=Sing|Person=1|Tense=Pres|VerbForm=Fin|Voice=Act	611	ccomp	_	@enb1994m-words#@enb1994m#6051.011#6051.261
615	шоу-бизнес	шоу-бизнес	NOUN	_	Animacy=Inan|Case=Acc|Gender=Masc|Number=Sing	614	obj	_	@enb1994m-words#@enb1994m#6051.261#6051.511
616	и	и	CCONJ	_	_	619	cc	_	@enb1994m-words#@enb1994m#6051.511#6051.761
617	я	я	PRON	_	Case=Nom|Number=Sing|Person=1	619	nsubj	_	@enb1994m-words#@enb1994m#6051.761#6052.011
618	не	не	PART	_	_	619	advmod	_	@enb1994m-words#@enb1994m#6052.011#6052.261
619	доверяю	доверять	VERB	_	Aspect=Imp|Mood=Ind|Number=Sing|Person=1|Tense=Pres|VerbForm=Fin|Voice=Act	614	conj	_	@enb1994m-words#@enb1994m#6052.261#6052.511
620	людям	человек	NOUN	_	Animacy=Anim|Case=Dat|Gender=Masc|Number=Plur	619	iobj	_	@enb1994m-words#@enb1994m#6052.511#6052.776
621	/	/	PUNCT	_	_	625	punct	_	@enb1994m-words#@enb1994m#6052.791#6053.346
622	потому	потому	ADV	_	Degree=Pos	625	mark	_	@enb1994m-words#@enb1994m#6053.358#6053.62
623	что	что	SCONJ	_	_	622	fixed	_	@enb1994m-words#@enb1994m#6053.62#6053.882
624	им	они	PRON	_	Case=Dat|Number=Plur|Person=3	625	iobj	_	@enb1994m-words#@enb1994m#6053.882#6054.144
625	открываешься	открываться	VERB	_	Aspect=Imp|Mood=Ind|Number=Sing|Person=2|Tense=Pres|VerbForm=Fin|Voice=Mid	619	advcl	_	@enb1994m-words#@enb1994m#6054.144#6054.406
626	а	а	CCONJ	_	_	630	cc	_	@enb1994m-words#@enb1994m#6054.406#6054.668
627	они	они	PRON	_	Case=Nom|Number=Plur|Person=3	630	nsubj	_	@enb1994m-words#@enb1994m#6054.668#6054.93
628	потом	потом	ADV	_	Degree=Pos	630	advmod	_	@enb1994m-words#@enb1994m#6054.93#6055.192
629	чтобы	чтобы	SCONJ	_	Mood=Cnd	630	mark	_	@enb1994m-words#@enb1994m#6055.192#6055.454
630	сделать	делать	VERB	_	Aspect=Perf|VerbForm=Inf|Voice=Act	625	conj	_	@enb1994m-words#@enb1994m#6055.454#6055.716
631	себе	себя	PRON	_	Case=Dat	630	iobj	_	@enb1994m-words#@enb1994m#6055.716#6055.978
632	имя	имя	NOUN	_	Animacy=Inan|Case=Acc|Gender=Neut|Number=Sing	594	obj	_	@enb1994m-words#@enb1994m#6055.978#6056.24
633	чтобы	чтобы	SCONJ	_	Mood=Cnd	635	mark	_	@enb1994m-words#@enb1994m#6056.24#6056.502
634	просто	просто	PART	_	_	635	advmod	_	@enb1994m-words#@enb1994m#6056.502#6056.764
635	придумать	придумать	VERB	_	Aspect=Perf|VerbForm=Inf|Voice=Act	640	advcl	_	@enb1994m-words#@enb1994m#6056.764#6057.026
636	историю	история	NOUN	_	Animacy=Inan|Case=Acc|Gender=Fem|Number=Sing	635	obj	_	@enb1994m-words#@enb1994m#6057.026#6057.288
637	чтоб	чтобы	SCONJ	_	Mood=Cnd	640	mark	_	@enb1994m-words#@enb1994m#6057.288#6057.55
638	было	быть	AUX	_	Aspect=Imp|Gender=Neut|Mood=Ind|Number=Sing|Tense=Past|VerbForm=Fin|Voice=Act	640	aux	_	@enb1994m-words#@enb1994m#6057.55#6057.812
639	что	что	PRON	_	Case=Acc	640	obj	_	@enb1994m-words#@enb1994m#6057.812#6058.074
640	обсудить	обсудить	VERB	_	Aspect=Perf|VerbForm=Inf|Voice=Act	630	obl	_	@enb1994m-words#@enb1994m#6058.074#6058.346
641	/	/	PUNCT	_	_	642	punct	_	@enb1994m-words#@enb1994m#6058.346#6058.948
642	меня	я	PRON	_	Case=Acc|Number=Sing|Person=1	640	obj	_	@enb1994m-words#@enb1994m#6058.948#6059.15
643	люди	человек	NOUN	_	Animacy=Anim|Case=Nom|Gender=Masc|Number=Plur	642	parataxis	_	@enb1994m-words#@enb1994m#6059.15#6059.352
644	/	/	PUNCT	_	_	643	punct	_	@enb1994m-words#@enb1994m#6059.352#6059.554
645	смотри	смотреть	VERB	_	Aspect=Imp|Mood=Imp|Number=Sing|Person=2|VerbForm=Fin|Voice=Act	648	parataxis	_	@enb1994m-words#@enb1994m#6059.554#6059.743
646	/	/	PUNCT	_	_	645	punct	_	@enb1994m-words#@enb1994m#6059.745#6059.867
647	я	я	PRON	_	Case=Nom|Number=Sing|Person=1	648	nsubj	_	@enb1994m-words#@enb1994m#6059.868#6060.175
648	супер	суперый	NOUN	_	Animacy=Anim|Case=Nom|Gender=Fem|Number=Sing	643	conj	_	@enb1994m-words#@enb1994m#6060.175#6060.483
649	эмм	эмма	NOUN	_	Animacy=Inan|Case=Gen|Gender=Masc|Number=Sing	648	nmod	_	@enb1994m-words#@enb1994m#6060.483#6061.1
650	/	/	PUNCT	_	_	653	punct	_	@enb1994m-words#@enb1994m#6061.101#6061.34
651	никто	никто	PRON	_	Case=Nom	653	nsubj	_	@enb1994m-words#@enb1994m#6061.34#6061.588
652	не	не	PART	_	_	653	advmod	_	@enb1994m-words#@enb1994m#6061.588#6061.836
653	даст	дать	VERB	_	Aspect=Perf|Mood=Ind|Number=Sing|Person=3|Tense=Fut|VerbForm=Fin|Voice=Act	648	parataxis	_	@enb1994m-words#@enb1994m#6061.836#6062.084
654	соврать	соврать	VERB	_	Aspect=Imp|VerbForm=Inf|Voice=Act	653	xcomp	_	@enb1994m-words#@enb1994m#6062.084#6062.332
655	здесь	здесь	ADV	_	Degree=Pos	654	advmod	_	@enb1994m-words#@enb1994m#6062.332#6062.58
656	точно	точно	ADV	_	Degree=Pos	654	advmod	_	@enb1994m-words#@enb1994m#6062.58#6062.833
657	/	/	PUNCT	_	_	659	punct	_	@enb1994m-words#@enb1994m#6062.845#6063.97
658	я	я	PRON	_	Case=Nom|Number=Sing|Person=1	659	nsubj	_	@enb1994m-words#@enb1994m#6063.97#6064.562
659	супер	супер	VERB	_	Aspect=Perf|Gender=Masc|Mood=Ind|Number=Sing|Tense=Past|VerbForm=Fin|Voice=Act	653	conj	_	@enb1994m-words#@enb1994m#6064.562#6065.154
660	требовательный	требовательный	ADJ	_	Case=Nom|Degree=Pos|Gender=Masc|Number=Sing	661	amod	_	@enb1994m-words#@enb1994m#6065.154#6065.746
661	перфекционист	перфекционист	NOUN	_	Animacy=Anim|Case=Nom|Gender=Masc|Number=Sing	659	obl	_	@enb1994m-words#@enb1994m#6065.746#6066.341
662	/	/	PUNCT	_	_	653	punct	_	@enb1994m-words#@enb1994m#6066.345#6067.0
663	и	и	CCONJ	_	_	667	cc	_	@enb1994m-words#@enb1994m#6067.0#6067.282
664	поэтому	поэтому	ADV	_	Degree=Pos	667	advmod	_	@enb1994m-words#@enb1994m#6067.282#6067.564
665	когда	когда	SCONJ	_	_	667	mark	_	@enb1994m-words#@enb1994m#6067.564#6067.846
666	я	я	PRON	_	Case=Nom|Number=Sing|Person=1	667	nsubj	_	@enb1994m-words#@enb1994m#6067.846#6068.128
667	требую	требый	ADJ	_	Case=Acc|Degree=Pos|Gender=Fem|Number=Sing	653	conj	_	@enb1994m-words#@enb1994m#6068.128#6068.41
668	от	от	ADP	_	_	669	case	_	@enb1994m-words#@enb1994m#6068.41#6068.692
669	людей	человек	NOUN	_	Animacy=Anim|Case=Gen|Gender=Masc|Number=Plur	667	obl	_	@enb1994m-words#@enb1994m#6068.692#6068.978
670	/	/	PUNCT	_	_	673	punct	_	@enb1994m-words#@enb1994m#6068.978#6069.846
671	хотя	хотя	PART	_	_	673	advmod	_	@enb1994m-words#@enb1994m#6069.846#6070.161
672	бы	бы	PART	_	_	671	fixed	_	@enb1994m-words#@enb1994m#6070.161#6070.476
673	чуть-чуть	чуть-чуть	PART	_	_	676	advmod	_	@enb1994m-words#@enb1994m#6070.476#6070.791
674	/	/	PUNCT	_	_	673	punct	_	@enb1994m-words#@enb1994m#6070.791#6071.471
675	от	от	ADP	_	_	673	fixed	_	@enb1994m-words#@enb1994m#6071.471#6071.716
676	того	то	PRON	_	Animacy=Inan|Case=Gen|Gender=Neut|Number=Sing	669	nmod	_	@enb1994m-words#@enb1994m#6071.716#6071.961
677	что	что	SCONJ	_	_	679	mark	_	@enb1994m-words#@enb1994m#6071.961#6072.206
678	они	они	PRON	_	Case=Nom|Number=Plur|Person=3	679	nsubj	_	@enb1994m-words#@enb1994m#6072.206#6072.451
679	должны	должен	ADJ	_	Degree=Pos|Number=Plur|Variant=Short	676	acl	_	@enb1994m-words#@enb1994m#6072.451#6072.696
680	делать	делать	VERB	_	Aspect=Imp|VerbForm=Inf|Voice=Act	679	xcomp	_	@enb1994m-words#@enb1994m#6072.696#6072.942
681	/	/	PUNCT	_	_	687	punct	_	@enb1994m-words#@enb1994m#6072.942#6073.574
682	а	а	CCONJ	_	_	687	cc	_	@enb1994m-words#@enb1994m#6073.586#6073.809
683	еще	еще	ADV	_	Degree=Pos	687	advmod	_	@enb1994m-words#@enb1994m#6073.809#6074.032
684	особенно	особенно	ADV	_	Degree=Pos	685	advmod	_	@enb1994m-words#@enb1994m#6074.032#6074.255
685	когда	когда	ADV	_	Degree=Pos	687	advmod	_	@enb1994m-words#@enb1994m#6074.255#6074.478
686	они	они	PRON	_	Case=Nom|Number=Plur|Person=3	687	nsubj	_	@enb1994m-words#@enb1994m#6074.478#6074.701
687	получают	получать	VERB	_	Aspect=Imp|Mood=Ind|Number=Plur|Person=3|Tense=Pres|VerbForm=Fin|Voice=Act	676	conj	_	@enb1994m-words#@enb1994m#6074.701#6074.924
688	деньги	деньги	NOUN	_	Animacy=Inan|Case=Acc|Gender=Fem|Number=Plur	687	obj	_	@enb1994m-words#@enb1994m#6074.924#6075.147
689	за	за	ADP	_	_	690	case	_	@enb1994m-words#@enb1994m#6075.147#6075.37
690	это	это	PRON	_	Animacy=Inan|Case=Acc|Gender=Neut|Number=Sing	687	obl	_	@enb1994m-words#@enb1994m#6075.37#6075.597
691	/	/	PUNCT	_	_	693	punct	_	@enb1994m-words#@enb1994m#6075.597#6076.066
692	они	они	PRON	_	Case=Nom|Number=Plur|Person=3	693	nsubj	_	@enb1994m-words#@enb1994m#6076.067#6076.437
693	воспринимают	воспринимать	VERB	_	Aspect=Imp|Mood=Ind|Number=Plur|Person=3|Tense=Pres|VerbForm=Fin|Voice=Act	687	conj	_	@enb1994m-words#@enb1994m#6076.437#6076.807
694	это	это	PRON	_	Animacy=Inan|Case=Acc|Gender=Neut|Number=Sing	693	obj	_	@enb1994m-words#@enb1994m#6076.807#6077.177
695	как	как	SCONJ	_	_	697	mark	_	@enb1994m-words#@enb1994m#6077.177#6077.547
696	мою	мой	DET	_	Case=Acc|Gender=Fem|Number=Sing	697	det	_	@enb1994m-words#@enb1994m#6077.547#6077.917
697	капризность	капризность	NOUN	_	Animacy=Inan|Case=Acc|Gender=Fem|Number=Sing	693	obl	_	@enb1994m-words#@enb1994m#6077.917#6078.288
698	/	/	PUNCT	_	_	700	punct	_	@enb1994m-words#@enb1994m#6078.291#6078.571
699	они	они	PRON	_	Case=Nom|Number=Plur|Person=3	700	nsubj	_	@enb1994m-words#@enb1994m#6078.571#6078.844
700	воспринимают	воспринимать	VERB	_	Aspect=Imp|Mood=Ind|Number=Plur|Person=3|Tense=Pres|VerbForm=Fin|Voice=Act	693	conj	_	@enb1994m-words#@enb1994m#6078.844#6079.117
701	это	это	PRON	_	Animacy=Inan|Case=Acc|Gender=Neut|Number=Sing	700	obj	_	@enb1994m-words#@enb1994m#6079.117#6079.39
702	как	как	SCONJ	_	_	706	mark	_	@enb1994m-words#@enb1994m#6079.39#6079.663
703	/	/	PUNCT	_	_	702	punct	_	@enb1994m-words#@enb1994m#6079.663#6080.796
704	мой	мой	DET	_	Case=Nom|Gender=Masc|Number=Sing	706	det	_	@enb1994m-words#@enb1994m#6080.796#6081.044
705	им	они	PRON	_	Case=Dat|Number=Plur|Person=3	706	iobj	_	@enb1994m-words#@enb1994m#6081.044#6081.292
706	легче	легкий	ADJ	_	Degree=Cmp	700	obl	_	@enb1994m-words#@enb1994m#6081.292#6081.54
707	сказать	сказать	VERB	_	Aspect=Perf|VerbForm=Inf|Voice=Act	706	csubj	_	@enb1994m-words#@enb1994m#6081.54#6081.788
708	да	да	CCONJ	_	_	709	cc	_	@enb1994m-words#@enb1994m#6081.788#6082.036
709	слушай	слушать	VERB	_	Aspect=Imp|Mood=Imp|Number=Sing|Person=2|VerbForm=Fin|Voice=Act	706	conj	_	@enb1994m-words#@enb1994m#6082.036#6082.284
710	да	да	PART	_	_	714	advmod	_	@enb1994m-words#@enb1994m#6082.284#6082.532
711	он	он	PRON	_	Case=Nom|Gender=Masc|Number=Sing|Person=3	714	nsubj	_	@enb1994m-words#@enb1994m#6082.532#6082.78
712	такой	такой	DET	_	Case=Nom|Gender=Masc|Number=Sing	714	det	_	@enb1994m-words#@enb1994m#6082.78#6083.028
713	/	/	PUNCT	_	_	714	punct	_	@enb1994m-words#@enb1994m#6083.028#6083.506
714	плохой	плохой	ADJ	_	Case=Nom|Degree=Pos|Gender=Masc|Number=Sing	709	obl	_	@enb1994m-words#@enb1994m#6083.506#6083.816
715	он	он	PRON	_	Case=Nom|Gender=Masc|Number=Sing|Person=3	722	nsubj	_	@enb1994m-words#@enb1994m#6083.816#6084.126
716	такой	такой	DET	_	Case=Nom|Gender=Masc|Number=Sing	719	det	_	@enb1994m-words#@enb1994m#6084.126#6084.437
717	/	/	PUNCT	_	_	718	punct	_	@enb1994m-words#@enb1994m#6084.437#6084.981
718	пафосный	пафосный	ADJ	_	Case=Nom|Degree=Pos|Gender=Masc|Number=Sing	716	obl	_	@enb1994m-words#@enb1994m#6084.981#6085.291
719	он	он	PRON	_	Case=Nom|Gender=Masc|Number=Sing|Person=3	722	nsubj	_	@enb1994m-words#@enb1994m#6085.291#6085.601
720	себя	себя	PRON	_	Case=Acc	722	obj	_	@enb1994m-words#@enb1994m#6085.601#6085.911
721	так	так	ADV	_	Degree=Pos	722	advmod	_	@enb1994m-words#@enb1994m#6085.911#6086.221
722	вел	вести	VERB	_	Aspect=Imp|Gender=Masc|Mood=Ind|Number=Sing|Tense=Past|VerbForm=Fin|Voice=Act	714	conj	_	@enb1994m-words#@enb1994m#6086.221#6086.531
723	грубо	грубо	ADV	_	Degree=Pos	722	advmod	_	@enb1994m-words#@enb1994m#6086.531#6086.841
724	/	/	PUNCT	_	_	727	punct	_	@enb1994m-words#@enb1994m#6086.841#6087.309
725	хотя	хотя	SCONJ	_	_	727	mark	_	@enb1994m-words#@enb1994m#6087.309#6087.595
726	я	я	PRON	_	Case=Nom|Number=Sing|Person=1	727	nsubj	_	@enb1994m-words#@enb1994m#6087.595#6087.881
727	мог	мочь	VERB	_	Aspect=Imp|Gender=Masc|Mood=Ind|Number=Sing|Tense=Past|VerbForm=Fin|Voice=Act	722	advcl	_	@enb1994m-words#@enb1994m#6087.881#6088.167
728	просто	просто	PART	_	_	729	advmod	_	@enb1994m-words#@enb1994m#6088.167#6088.453
729	подойти	подойти	VERB	_	Aspect=Perf|VerbForm=Inf|Voice=Act	727	xcomp	_	@enb1994m-words#@enb1994m#6088.453#6088.739
730	и	и	CCONJ	_	_	731	cc	_	@enb1994m-words#@enb1994m#6088.739#6089.025
731	сказать	сказать	VERB	_	Aspect=Perf|VerbForm=Inf|Voice=Act	729	conj	_	@enb1994m-words#@enb1994m#6089.025#6089.311
732	слушай	слушать	VERB	_	Aspect=Imp|Mood=Imp|Number=Sing|Person=2|VerbForm=Fin|Voice=Act	731	xcomp	_	@enb1994m-words#@enb1994m#6089.311#6089.597
733	чувак	чувак	NOUN	_	Animacy=Inan|Case=Acc|Gender=Masc|Number=Sing	734	obj	_	@enb1994m-words#@enb1994m#6089.597#6089.883
734	можешь	мочь	VERB	_	Aspect=Imp|Mood=Ind|Number=Sing|Person=2|Tense=Pres|VerbForm=Fin|Voice=Act	732	xcomp	_	@enb1994m-words#@enb1994m#6089.883#6090.169
735	начать	начать	VERB	_	Aspect=Perf|VerbForm=Inf|Voice=Act	734	xcomp	_	@enb1994m-words#@enb1994m#6090.169#6090.455
736	работать	работать	VERB	_	Aspect=Imp|VerbForm=Inf|Voice=Act	735	xcomp	_	@enb1994m-words#@enb1994m#6090.455#6090.741
737	пожалуйста	пожалуйста	ADV	_	Degree=Pos	736	advmod	_	@enb1994m-words#@enb1994m#6090.741#6091.037
738	/	/	PUNCT	_	_	745	punct	_	@enb1994m-words#@enb1994m#6091.045#6091.573
739	и	и	CCONJ	_	_	745	cc	_	@enb1994m-words#@enb1994m#6091.573#6091.738
740	все	все	PRON	_	Animacy=Inan|Case=Nom|Gender=Neut|Number=Sing	745	nsubj	_	@enb1994m-words#@enb1994m#6091.738#6091.904
741	/	/	PUNCT	_	_	745	punct	_	@enb1994m-words#@enb1994m#6091.904#6092.259
742	это	это	PRON	_	Animacy=Inan|Case=Nom|Gender=Neut|Number=Sing	745	nsubj	_	@enb1994m-words#@enb1994m#6092.259#6092.545
743	человеку	человек	NOUN	_	Animacy=Anim|Case=Dat|Gender=Masc|Number=Sing	745	iobj	_	@enb1994m-words#@enb1994m#6092.545#6092.831
744	будет	быть	AUX	_	Aspect=Imp|Mood=Ind|Number=Sing|Person=3|Tense=Pres|VerbForm=Fin|Voice=Act	745	cop	_	@enb1994m-words#@enb1994m#6092.831#6093.117
745	достаточно	достаточный	ADJ	_	Degree=Pos|Gender=Neut|Number=Sing|Variant=Short	734	conj	_	@enb1994m-words#@enb1994m#6093.117#6093.406
746	/	/	PUNCT	_	_	751	punct	_	@enb1994m-words#@enb1994m#6093.424#6093.807
747	но	но	CCONJ	_	_	751	cc	_	@enb1994m-words#@enb1994m#6093.81#6094.189
748	аа	а	NOUN	_	Animacy=Inan|Case=Gen|Gender=Masc|Number=Sing	751	obl	_	@enb1994m-words#@enb1994m#6094.189#6094.568
749	я	я	PRON	_	Case=Nom|Number=Sing|Person=1	751	nsubj	_	@enb1994m-words#@enb1994m#6094.568#6094.947
750	не	не	PART	_	_	751	advmod	_	@enb1994m-words#@enb1994m#6094.947#6095.326
751	сомневаюсь	сомневаться	VERB	_	Aspect=Imp|Mood=Ind|Number=Sing|Person=1|Tense=Pres|VerbForm=Fin|Voice=Mid	773	parataxis	_	@enb1994m-words#@enb1994m#6095.326#6095.705
752	что	что	PRON	_	Case=Acc	751	obj	_	@enb1994m-words#@enb1994m#6095.705#6096.088
753	/	/	PUNCT	_	_	757	punct	_	@enb1994m-words#@enb1994m#6096.1#6096.483
754	в	в	ADP	_	_	756	case	_	@enb1994m-words#@enb1994m#6096.483#6096.846
755	моей	мой	DET	_	Case=Loc|Gender=Fem|Number=Sing	756	det	_	@enb1994m-words#@enb1994m#6096.846#6097.209
756	жизни	жизнь	NOUN	_	Animacy=Inan|Case=Loc|Gender=Fem|Number=Sing	757	obl	_	@enb1994m-words#@enb1994m#6097.209#6097.572
757	случались	случаться	VERB	_	Aspect=Imp|Mood=Ind|Number=Plur|Tense=Past|VerbForm=Fin|Voice=Mid	773	conj	_	@enb1994m-words#@enb1994m#6097.572#6097.935
758	ситуации	ситуация	NOUN	_	Animacy=Inan|Case=Nom|Gender=Fem|Number=Plur	773	nsubj	_	@enb1994m-words#@enb1994m#6097.935#6098.298
759	когда	когда	SCONJ	_	_	761	mark	_	@enb1994m-words#@enb1994m#6098.298#6098.661
760	я	я	PRON	_	Case=Nom|Number=Sing|Person=1	761	nsubj	_	@enb1994m-words#@enb1994m#6098.661#6099.024
761	мог	мочь	VERB	_	Aspect=Imp|Gender=Masc|Mood=Ind|Number=Sing|Tense=Past|VerbForm=Fin|Voice=Act	773	advcl	_	@enb1994m-words#@enb1994m#6099.024#6099.387
762	вести	вести	VERB	_	Aspect=Imp|VerbForm=Inf|Voice=Act	761	xcomp	_	@enb1994m-words#@enb1994m#6099.387#6099.75
763	себя	себя	PRON	_	Case=Acc	762	obj	_	@enb1994m-words#@enb1994m#6099.75#6100.113
764	хреново	хреново	ADV	_	Degree=Pos	762	advmod	_	@enb1994m-words#@enb1994m#6100.113#6100.485
765	/	/	PUNCT	_	_	761	punct	_	@enb1994m-words#@enb1994m#6100.494#6100.978
766	я	я	PRON	_	Case=Nom|Number=Sing|Person=1	773	nsubj	_	@enb1994m-words#@enb1994m#6100.978#6101.533
767	неидеальный	неидеальный	ADJ	_	Case=Nom|Degree=Pos|Gender=Masc|Number=Sing	769	amod	_	@enb1994m-words#@enb1994m#6101.533#6102.089
768	/	/	PUNCT	_	_	769	punct	_	@enb1994m-words#@enb1994m#6102.095#6102.574
769	ии	ия	NOUN	_	Animacy=Inan|Case=Gen|Gender=Fem|Number=Sing	773	nmod	_	@enb1994m-words#@enb1994m#6102.585#6103.089
770	/	/	PUNCT	_	_	773	punct	_	@enb1994m-words#@enb1994m#6103.089#6103.285
771	мы	мы	PRON	_	Case=Nom|Number=Plur|Person=1	773	nsubj	_	@enb1994m-words#@enb1994m#6103.285#6103.581
772	все	весь	PART	_	_	773	advmod	_	@enb1994m-words#@enb1994m#6103.581#6103.877
773	совершаем	совершать	VERB	_	Aspect=Imp|Mood=Ind|Number=Plur|Person=1|Tense=Pres|VerbForm=Fin|Voice=Act	745	csubj	_	@enb1994m-words#@enb1994m#6103.877#6104.173
774	ошибки	ошибка	NOUN	_	Animacy=Inan|Case=Acc|Gender=Fem|Number=Plur	773	obj	_	@enb1994m-words#@enb1994m#6104.173#6104.469
775	и	и	CCONJ	_	_	780	cc	_	@enb1994m-words#@enb1994m#6104.469#6104.765
776	в	в	ADP	_	_	778	case	_	@enb1994m-words#@enb1994m#6104.765#6105.061
777	моей	мой	DET	_	Case=Loc|Gender=Fem|Number=Sing	778	det	_	@enb1994m-words#@enb1994m#6105.061#6105.357
778	жизни	жизнь	NOUN	_	Animacy=Inan|Case=Loc|Gender=Fem|Number=Sing	780	obl	_	@enb1994m-words#@enb1994m#6105.357#6105.653
779	я	я	PRON	_	Case=Nom|Number=Sing|Person=1	780	nsubj	_	@enb1994m-words#@enb1994m#6105.653#6105.949
780	думаю	думать	VERB	_	Aspect=Imp|Mood=Ind|Number=Sing|Person=1|Tense=Pres|VerbForm=Fin|Voice=Act	773	conj	_	@enb1994m-words#@enb1994m#6105.949#6106.245
781	их	они	PRON	_	Case=Acc|Number=Plur|Person=3	780	obj	_	@enb1994m-words#@enb1994m#6106.245#6106.541
782	было	быть	AUX	_	Aspect=Imp|Gender=Neut|Mood=Ind|Number=Sing|Tense=Past|VerbForm=Fin|Voice=Act	780	aux	_	@enb1994m-words#@enb1994m#6106.541#6106.837
783	предостаточно	предостаточный	ADV	_	Degree=Pos	780	advmod	_	@enb1994m-words#@enb1994m#6106.837#6107.133
784	и	и	PART	_	_	786	advmod	_	@enb1994m-words#@enb1994m#6107.133#6107.429
785	если	если	SCONJ	_	_	786	mark	_	@enb1994m-words#@enb1994m#6107.429#6107.725
786	вдруг	вдруг	ADV	_	Degree=Pos	783	obl	_	@enb1994m-words#@enb1994m#6107.725#6108.022
787	/	/	PUNCT	_	_	789	punct	_	@enb1994m-words#@enb1994m#6108.022#6108.668
788	я	я	PRON	_	Case=Nom|Number=Sing|Person=1	789	nsubj	_	@enb1994m-words#@enb1994m#6108.668#6108.999
789	когда-то	когда-то	ADV	_	Degree=Pos	786	conj	_	@enb1994m-words#@enb1994m#6108.999#6109.33
790	/	/	PUNCT	_	_	792	punct	_	@enb1994m-words#@enb1994m#6109.341#6109.897
791	перед	перед	ADP	_	_	792	case	_	@enb1994m-words#@enb1994m#6109.897#6110.228
792	кем-то	кто-то	PRON	_	Case=Ins	789	obl	_	@enb1994m-words#@enb1994m#6110.228#6110.559
793	/	/	PUNCT	_	_	802	punct	_	@enb1994m-words#@enb1994m#6110.559#6110.883
794	себя	себя	PRON	_	Case=Acc	802	obj	_	@enb1994m-words#@enb1994m#6110.894#6111.089
795	там	там	ADV	_	Degree=Pos	802	advmod	_	@enb1994m-words#@enb1994m#6111.089#6111.284
796	/	/	PUNCT	_	_	802	punct	_	@enb1994m-words#@enb1994m#6111.292#6111.91
797	как-то	как-то	ADV	_	Degree=Pos	799	advmod	_	@enb1994m-words#@enb1994m#6111.91#6112.118
798	не	не	PART	_	_	799	advmod	_	@enb1994m-words#@enb1994m#6112.118#6112.326
799	так	так	ADV	_	Degree=Pos	802	advmod	_	@enb1994m-words#@enb1994m#6112.326#6112.534
800	и	и	PART	_	_	799	fixed	_	@enb1994m-words#@enb1994m#6112.534#6112.742
801	неправильно	неправильно	ADV	_	Degree=Pos	802	advmod	_	@enb1994m-words#@enb1994m#6112.742#6112.95
802	повел	повести	VERB	_	Aspect=Perf|Gender=Masc|Mood=Ind|Number=Sing|Tense=Past|VerbForm=Fin|Voice=Act	792	acl:relcl	_	@enb1994m-words#@enb1994m#6112.95#6113.16
803	/	/	PUNCT	_	_	806	punct	_	@enb1994m-words#@enb1994m#6113.16#6113.712
804	мне	я	PRON	_	Case=Dat|Number=Sing|Person=1	806	iobj	_	@enb1994m-words#@enb1994m#6113.712#6113.954
805	очень	очень	ADV	_	Degree=Pos	806	advmod	_	@enb1994m-words#@enb1994m#6113.954#6114.196
806	стыдно	стыдно	ADV	_	Degree=Pos	802	advmod	_	@enb1994m-words#@enb1994m#6114.196#6114.439
807	/	/	PUNCT	_	_	810	punct	_	@enb1994m-words#@enb1994m#6114.439#6114.726
808	и	и	CCONJ	_	_	810	cc	_	@enb1994m-words#@enb1994m#6114.726#6114.973
809	реально	реально	ADV	_	Degree=Pos	810	advmod	_	@enb1994m-words#@enb1994m#6114.973#6115.22
810	обидно	обидный	ADJ	_	Degree=Pos|Gender=Neut|Number=Sing|Variant=Short	802	conj	_	@enb1994m-words#@enb1994m#6115.22#6115.469
811	/	/	PUNCT	_	_	816	punct	_	@enb1994m-words#@enb1994m#6115.476#6115.734
812	но	но	CCONJ	_	_	816	cc	_	@enb1994m-words#@enb1994m#6115.734#6115.901
813	это	это	PRON	_	Animacy=Inan|Case=Nom|Gender=Neut|Number=Sing	816	nsubj	_	@enb1994m-words#@enb1994m#6115.901#6116.068
814	не	не	PART	_	_	815	advmod	_	@enb1994m-words#@enb1994m#6116.068#6116.235
815	эта	этот	DET	_	Case=Nom|Gender=Fem|Number=Sing	816	det	_	@enb1994m-words#@enb1994m#6116.235#6116.402
816	ситуация	ситуация	NOUN	_	Animacy=Inan|Case=Nom|Gender=Fem|Number=Sing	802	conj	_	@enb1994m-words#@enb1994m#6116.402#6116.572
817	мерзко	мерзко	ADV	_	Degree=Pos	819	advmod	_	@enb1994m-words#@enb1994m#6121.451#6121.727
818	?	?	PUNCT	_	_	817	punct	_	@enb1994m-words#@enb1994m#6121.727#6122.003
819	аа	а	NOUN	_	Animacy=Inan|Case=Gen|Gender=Masc|Number=Sing	816	nmod	_	@enb1994m-words#@enb1994m#6122.956#6123.279
820	/	/	PUNCT	_	_	822	punct	_	@enb1994m-words#@enb1994m#6123.279#6125.588
821	блин	блин	NOUN	_	Animacy=Inan|Case=Nom|Gender=Masc|Number=Sing	822	nsubj	_	@enb1994m-words#@enb1994m#6125.588#6125.882
822	слушай	слушать	VERB	_	Aspect=Perf|Mood=Imp|Number=Sing|Person=2|VerbForm=Fin|Voice=Act	819	parataxis	_	@enb1994m-words#@enb1994m#6125.882#6126.176
823	прям	пре	NOUN	_	Animacy=Anim|Case=Dat|Gender=Masc|Number=Plur	822	iobj	_	@enb1994m-words#@enb1994m#6126.176#6126.47
824	мерзко	мерзко	ADV	_	Degree=Pos	822	advmod	_	@enb1994m-words#@enb1994m#6126.47#6126.767
825	/	/	PUNCT	_	_	832	punct	_	@enb1994m-words#@enb1994m#6126.767#6127.727
826	прям	пре	NOUN	_	Animacy=Anim|Case=Dat|Gender=Masc|Number=Plur	832	iobj	_	@enb1994m-words#@enb1994m#6127.727#6127.964
827	чтоб	чтобы	SCONJ	_	Mood=Cnd	832	mark	_	@enb1994m-words#@enb1994m#6127.964#6128.201
828	прям	пре	NOUN	_	Animacy=Anim|Case=Dat|Gender=Masc|Number=Plur	832	iobj	_	@enb1994m-words#@enb1994m#6128.201#6128.438
829	отвратительно	отвратительно	ADV	_	Degree=Pos	832	advmod	_	@enb1994m-words#@enb1994m#6128.438#6128.675
830	я	я	PRON	_	Case=Nom|Number=Sing|Person=1	832	nsubj	_	@enb1994m-words#@enb1994m#6128.675#6128.912
831	не	не	PART	_	_	832	advmod	_	@enb1994m-words#@enb1994m#6128.912#6129.149
832	знаю	знать	VERB	_	Aspect=Imp|Mood=Ind|Number=Sing|Person=1|Tense=Pres|VerbForm=Fin|Voice=Act	822	conj	_	@enb1994m-words#@enb1994m#6129.149#6129.391
833	ноо	ноо	ADV	_	Degree=Pos	832	advmod	_	@enb1994m-words#@enb1994m#6129.397#6129.585
834	/	/	PUNCT	_	_	836	punct	_	@enb1994m-words#@enb1994m#6129.585#6131.066
835	ну	ну	PART	_	_	836	parataxis	_	@enb1994m-words#@enb1994m#6131.066#6131.417
836	бывало	бывать	VERB	_	Aspect=Imp|Gender=Neut|Mood=Ind|Number=Sing|Tense=Past|VerbForm=Fin|Voice=Act	832	advcl	_	@enb1994m-words#@enb1994m#6131.417#6131.768
837	такое	такой	DET	_	Case=Nom|Gender=Neut|Number=Sing	836	det	_	@enb1994m-words#@enb1994m#6131.768#6132.119
838	знаешь	знать	VERB	_	Aspect=Imp|Mood=Ind|Number=Sing|Person=2|Tense=Pres|VerbForm=Fin|Voice=Act	852	parataxis	_	@enb1994m-words#@enb1994m#6132.119#6132.47
839	когда	когда	ADV	_	Degree=Pos	852	advmod	_	@enb1994m-words#@enb1994m#6132.47#6132.821
840	там	там	ADV	_	Degree=Pos	852	advmod	_	@enb1994m-words#@enb1994m#6132.821#6133.172
841	типо	типый	ADP	_	_	853	case	_	@enb1994m-words#@enb1994m#6133.172#6133.523
842	организаторы	организатор	NOUN	_	Animacy=Anim|Case=Nom|Gender=Masc|Number=Plur	852	nsubj	_	@enb1994m-words#@enb1994m#6133.523#6133.874
843	каких-то	какой-то	DET	_	Case=Gen|Number=Plur	844	det	_	@enb1994m-words#@enb1994m#6133.874#6134.225
844	концертов	концерт	NOUN	_	Animacy=Inan|Case=Gen|Gender=Masc|Number=Plur	842	nmod	_	@enb1994m-words#@enb1994m#6134.225#6134.576
845	нее	она	PRON	_	Case=Acc|Gender=Fem|Number=Sing|Person=3	852	obl	_	@enb1994m-words#@enb1994m#6134.576#6134.935
846	/	/	PUNCT	_	_	847	punct	_	@enb1994m-words#@enb1994m#6134.935#6135.726
847	выполняют	выполнять	VERB	_	Aspect=Imp|Mood=Ind|Number=Plur|Person=3|Tense=Pres|VerbForm=Fin|Voice=Act	852	parataxis	_	@enb1994m-words#@enb1994m#6135.726#6136.374
848	/	/	PUNCT	_	_	847	punct	_	@enb1994m-words#@enb1994m#6136.374#6136.801
849	условия	условие	NOUN	_	Animacy=Inan|Case=Nom|Gender=Neut|Number=Plur	852	nsubj	_	@enb1994m-words#@enb1994m#6136.801#6137.243
850	/	/	PUNCT	_	_	849	punct	_	@enb1994m-words#@enb1994m#6137.243#6137.716
851	не	не	PART	_	_	852	advmod	_	@enb1994m-words#@enb1994m#6137.716#6137.949
852	выполняют	выполнять	VERB	_	Aspect=Imp|Mood=Ind|Number=Plur|Person=3|Tense=Pres|VerbForm=Fin|Voice=Act	836	csubj	_	@enb1994m-words#@enb1994m#6137.949#6138.182
853	райдеры	райдер	NOUN	_	Animacy=Inan|Case=Acc|Gender=Masc|Number=Plur	852	obl	_	@enb1994m-words#@enb1994m#6138.182#6138.415
854	мы	мы	PRON	_	Case=Nom|Number=Plur|Person=1	852	nsubj	_	@enb1994m-words#@enb1994m#6138.415#6138.648
855	просто	просто	PART	_	_	862	advmod	_	@enb1994m-words#@enb1994m#6138.648#6138.884
856	/	/	PUNCT	_	_	857	punct	_	@enb1994m-words#@enb1994m#6138.884#6139.68
857	понимаем	понимать	VERB	_	Aspect=Imp|Mood=Ind|Number=Plur|Person=1|Tense=Pres|VerbForm=Fin|Voice=Act	862	parataxis	_	@enb1994m-words#@enb1994m#6139.68#6139.941
858	что	что	PRON	_	Case=Acc	863	obj	_	@enb1994m-words#@enb1994m#6139.941#6140.202
859	мы	мы	PRON	_	Case=Nom|Number=Plur|Person=1	862	nsubj	_	@enb1994m-words#@enb1994m#6140.202#6140.463
860	блять	блять	VERB	_	Aspect=Imp|VerbForm=Inf|Voice=Act	862	xcomp	_	@enb1994m-words#@enb1994m#6140.463#6140.724
861	не	не	PART	_	_	862	advmod	_	@enb1994m-words#@enb1994m#6140.724#6140.985
862	можем	мочь	VERB	_	Aspect=Imp|Mood=Ind|Number=Plur|Person=1|Tense=Pres|VerbForm=Fin|Voice=Act	852	xcomp	_	@enb1994m-words#@enb1994m#6140.985#6141.246
863	провести	провести	VERB	_	Aspect=Perf|VerbForm=Inf|Voice=Act	862	xcomp	_	@enb1994m-words#@enb1994m#6141.246#6141.507
864	условно	условно	ADV	_	Degree=Pos	865	advmod	_	@enb1994m-words#@enb1994m#6141.507#6141.768
865	говоря	говорить	VERB	_	Aspect=Imp|Tense=Pres|VerbForm=Conv|Voice=Act	885	parataxis	_	@enb1994m-words#@enb1994m#6141.768#6142.029
866	концерт	концерт	NOUN	_	Animacy=Inan|Case=Acc|Gender=Masc|Number=Sing	865	obl	_	@enb1994m-words#@enb1994m#6142.029#6142.29
867	и	и	CCONJ	_	_	868	cc	_	@enb1994m-words#@enb1994m#6142.29#6142.551
868	дать	дать	VERB	_	Aspect=Perf|VerbForm=Inf|Voice=Act	866	conj	_	@enb1994m-words#@enb1994m#6142.551#6142.812
869	на	на	ADP	_	_	871	case	_	@enb1994m-words#@enb1994m#6142.812#6143.073
870	сто	сто	NUM	_	Case=Acc	871	nummod:gov	_	@enb1994m-words#@enb1994m#6143.073#6143.334
871	процентов	процент	NOUN	_	Animacy=Inan|Case=Gen|Gender=Masc|Number=Plur	868	obl	_	@enb1994m-words#@enb1994m#6143.334#6143.6
872	/	/	PUNCT	_	_	865	punct	_	@enb1994m-words#@enb1994m#6143.6#6143.918
873	я	я	PRON	_	Case=Nom|Number=Sing|Person=1	885	nsubj	_	@enb1994m-words#@enb1994m#6143.918#6144.154
874	очень	очень	ADV	_	Degree=Pos	875	advmod	_	@enb1994m-words#@enb1994m#6144.154#6144.39
875	часто	часто	ADV	_	Degree=Pos	885	advmod	_	@enb1994m-words#@enb1994m#6144.39#6144.626
876	я	я	PRON	_	Case=Nom|Number=Sing|Person=1	885	nsubj	_	@enb1994m-words#@enb1994m#6144.626#6144.862
877	очень	очень	ADV	_	Degree=Pos	878	obl	_	@enb1994m-words#@enb1994m#6144.862#6145.098
878	вспыльчивый	вспыльчивый	ADJ	_	Case=Nom|Degree=Pos|Gender=Masc|Number=Sing	876	amod	_	@enb1994m-words#@enb1994m#6145.098#6145.334
879	раньше	рано	ADV	_	Degree=Cmp	878	advmod	_	@enb1994m-words#@enb1994m#6145.334#6145.57
880	был	быть	AUX	_	Aspect=Imp|Gender=Masc|Mood=Ind|Number=Sing|Tense=Past|VerbForm=Fin|Voice=Act	885	cop	_	@enb1994m-words#@enb1994m#6145.57#6145.809
881	/	/	PUNCT	_	_	885	punct	_	@enb1994m-words#@enb1994m#6145.809#6146.108
882	сейчас	сейчас	ADV	_	Degree=Pos	885	advmod	_	@enb1994m-words#@enb1994m#6146.108#6146.298
883	я	я	PRON	_	Case=Nom|Number=Sing|Person=1	885	nsubj	_	@enb1994m-words#@enb1994m#6146.298#6146.488
884	как-то	как-то	ADV	_	Degree=Pos	885	obl	_	@enb1994m-words#@enb1994m#6146.488#6146.678
885	калм	калй	NOUN	_	Animacy=Inan|Case=Acc|Gender=Masc|Number=Sing	863	obj	_	@enb1994m-words#@enb1994m#6146.678#6146.868
886	даун	даун	NOUN	_	Animacy=Inan|Case=Gen|Gender=Fem|Number=Plur	885	nmod	_	@enb1994m-words#@enb1994m#6146.868#6147.058
887	/	/	PUNCT	_	_	893	punct	_	@enb1994m-words#@enb1994m#6147.058#6147.541
888	раньше	рано	ADV	_	Degree=Cmp	893	advmod	_	@enb1994m-words#@enb1994m#6147.541#6147.859
889	я	я	PRON	_	Case=Nom|Number=Sing|Person=1	893	nsubj	_	@enb1994m-words#@enb1994m#6147.859#6148.177
890	был	быть	AUX	_	Aspect=Imp|Gender=Masc|Mood=Ind|Number=Sing|Tense=Past|VerbForm=Fin|Voice=Act	893	cop	_	@enb1994m-words#@enb1994m#6148.177#6148.495
891	очень	очень	ADV	_	Degree=Pos	892	advmod	_	@enb1994m-words#@enb1994m#6148.495#6148.813
892	сильно	сильно	ADV	_	Degree=Pos	893	advmod	_	@enb1994m-words#@enb1994m#6148.813#6149.131
893	вспыльчивый	вспыльчивь	ADJ	_	Case=Nom|Degree=Pos|Gender=Masc|Number=Sing	886	acl	_	@enb1994m-words#@enb1994m#6149.131#6149.449
894	и	и	CCONJ	_	_	895	cc	_	@enb1994m-words#@enb1994m#6149.449#6149.767
895	мог	мочь	VERB	_	Aspect=Imp|Gender=Masc|Mood=Ind|Number=Sing|Tense=Past|VerbForm=Fin|Voice=Act	893	conj	_	@enb1994m-words#@enb1994m#6149.767#6150.085
896	просто	просто	PART	_	_	897	advmod	_	@enb1994m-words#@enb1994m#6150.085#6150.403
897	наорать	орать	VERB	_	Aspect=Perf|VerbForm=Inf|Voice=Act	895	xcomp	_	@enb1994m-words#@enb1994m#6150.403#6150.721
898	на	на	ADP	_	_	899	case	_	@enb1994m-words#@enb1994m#6150.721#6151.039
899	людей	человек	NOUN	_	Animacy=Anim|Case=Acc|Gender=Masc|Number=Plur	897	obl	_	@enb1994m-words#@enb1994m#6151.039#6151.366
900	/	/	PUNCT	_	_	903	punct	_	@enb1994m-words#@enb1994m#6151.366#6151.94
901	и	и	CCONJ	_	_	903	cc	_	@enb1994m-words#@enb1994m#6151.94#6152.152
902	потом	потом	ADV	_	Degree=Pos	903	advmod	_	@enb1994m-words#@enb1994m#6152.152#6152.364
903	понимал	понимать	VERB	_	Aspect=Imp|Gender=Masc|Mood=Ind|Number=Sing|Tense=Past|VerbForm=Fin|Voice=Act	897	conj	_	@enb1994m-words#@enb1994m#6152.364#6152.576
904	то	то	PRON	_	Animacy=Inan|Case=Acc|Gender=Neut|Number=Sing	903	obj	_	@enb1994m-words#@enb1994m#6152.576#6152.788
905	что	что	SCONJ	_	_	910	mark	_	@enb1994m-words#@enb1994m#6152.788#6153.0
906	блин	блин	NOUN	_	Animacy=Anim|Case=Nom|Gender=Masc|Number=Sing	910	nsubj	_	@enb1994m-words#@enb1994m#6153.0#6153.212
907	зачем	зачем	ADV	_	Degree=Pos	910	advmod	_	@enb1994m-words#@enb1994m#6153.212#6153.424
908	я	я	PRON	_	Case=Nom|Number=Sing|Person=1	910	nsubj	_	@enb1994m-words#@enb1994m#6153.424#6153.636
909	это	это	PRON	_	Animacy=Inan|Case=Acc|Gender=Neut|Number=Sing	910	obj	_	@enb1994m-words#@enb1994m#6153.636#6153.848
910	сделал	делать	VERB	_	Aspect=Perf|Gender=Masc|Mood=Ind|Number=Sing|Tense=Past|VerbForm=Fin|Voice=Act	904	acl	_	@enb1994m-words#@enb1994m#6153.848#6154.068

